tourney_id,tourney_name,surface,draw_size,tourney_level,tourney_date,match_num,winner_id
1986-201,Guaruja CH,Clay,32,C,19860120,270,100941
1986-201,Guaruja CH,Clay,32,C,19860120,271,101174
1986-201,Guaruja CH,Clay,32,C,19860120,272,100954
1986-201,Guaruja CH,Clay,32,C,19860120,273,100995
1986-201,Guaruja CH,Clay,32,C,19860120,274,101237
1986-201,Guaruja CH,Clay,32,C,19860120,275,100221
1986-201,Guaruja CH,Clay,32,C,19860120,276,100651
1986-201,Guaruja CH,Clay,32,C,19860120,277,100719
1986-201,Guaruja CH,Clay,32,C,19860120,278,100917
1986-201,Guaruja CH,Clay,32,C,19860120,279,100548
1986-201,Guaruja CH,Clay,32,C,19860120,280,100652
1986-201,Guaruja CH,Clay,32,C,19860120,281,100727
1986-201,Guaruja CH,Clay,32,C,19860120,282,100595
1986-201,Guaruja CH,Clay,32,C,19860120,283,101048
1986-201,Guaruja CH,Clay,32,C,19860120,284,108243
1986-201,Guaruja CH,Clay,32,C,19860120,285,101409
1986-201,Guaruja CH,Clay,32,C,19860120,286,100652
1986-201,Guaruja CH,Clay,32,C,19860120,287,100954
1986-201,Guaruja CH,Clay,32,C,19860120,288,100995
1986-201,Guaruja CH,Clay,32,C,19860120,289,100221
1986-201,Guaruja CH,Clay,32,C,19860120,290,100595
1986-201,Guaruja CH,Clay,32,C,19860120,291,100917
1986-201,Guaruja CH,Clay,32,C,19860120,292,101048
1986-201,Guaruja CH,Clay,32,C,19860120,293,100719
1986-201,Guaruja CH,Clay,32,C,19860120,294,100652
1986-201,Guaruja CH,Clay,32,C,19860120,295,100221
1986-201,Guaruja CH,Clay,32,C,19860120,296,100917
1986-201,Guaruja CH,Clay,32,C,19860120,297,101048
1986-201,Guaruja CH,Clay,32,C,19860120,298,100221
1986-201,Guaruja CH,Clay,32,C,19860120,299,100652
1986-201,Guaruja CH,Clay,32,C,19860120,300,100652
1986-204,Vina Del Mar CH,Clay,32,C,19860127,270,107085
1986-204,Vina Del Mar CH,Clay,32,C,19860127,271,107503
1986-204,Vina Del Mar CH,Clay,32,C,19860127,272,100869
1986-204,Vina Del Mar CH,Clay,32,C,19860127,273,100367
1986-204,Vina Del Mar CH,Clay,32,C,19860127,274,100954
1986-204,Vina Del Mar CH,Clay,32,C,19860127,275,100651
1986-204,Vina Del Mar CH,Clay,32,C,19860127,276,101427
1986-204,Vina Del Mar CH,Clay,32,C,19860127,277,100825
1986-204,Vina Del Mar CH,Clay,32,C,19860127,278,100630
1986-204,Vina Del Mar CH,Clay,32,C,19860127,279,100941
1986-204,Vina Del Mar CH,Clay,32,C,19860127,280,101074
1986-204,Vina Del Mar CH,Clay,32,C,19860127,281,100417
1986-204,Vina Del Mar CH,Clay,32,C,19860127,282,100719
1986-204,Vina Del Mar CH,Clay,32,C,19860127,283,100711
1986-204,Vina Del Mar CH,Clay,32,C,19860127,284,100782
1986-204,Vina Del Mar CH,Clay,32,C,19860127,285,101080
1986-204,Vina Del Mar CH,Clay,32,C,19860127,286,100630
1986-204,Vina Del Mar CH,Clay,32,C,19860127,287,100941
1986-204,Vina Del Mar CH,Clay,32,C,19860127,288,107085
1986-204,Vina Del Mar CH,Clay,32,C,19860127,289,100417
1986-204,Vina Del Mar CH,Clay,32,C,19860127,290,100719
1986-204,Vina Del Mar CH,Clay,32,C,19860127,291,100651
1986-204,Vina Del Mar CH,Clay,32,C,19860127,292,100782
1986-204,Vina Del Mar CH,Clay,32,C,19860127,293,101080
1986-204,Vina Del Mar CH,Clay,32,C,19860127,294,100417
1986-204,Vina Del Mar CH,Clay,32,C,19860127,295,107085
1986-204,Vina Del Mar CH,Clay,32,C,19860127,296,100782
1986-204,Vina Del Mar CH,Clay,32,C,19860127,297,101080
1986-204,Vina Del Mar CH,Clay,32,C,19860127,298,100417
1986-204,Vina Del Mar CH,Clay,32,C,19860127,299,101080
1986-204,Vina Del Mar CH,Clay,32,C,19860127,300,100417
1986-252,Nairobi CH,Clay,32,C,19860203,270,108420
1986-252,Nairobi CH,Clay,32,C,19860203,271,100330
1986-252,Nairobi CH,Clay,32,C,19860203,272,101024
1986-252,Nairobi CH,Clay,32,C,19860203,273,100966
1986-252,Nairobi CH,Clay,32,C,19860203,274,101112
1986-252,Nairobi CH,Clay,32,C,19860203,275,100993
1986-252,Nairobi CH,Clay,32,C,19860203,276,108295
1986-252,Nairobi CH,Clay,32,C,19860203,277,100648
1986-252,Nairobi CH,Clay,32,C,19860203,278,100307
1986-252,Nairobi CH,Clay,32,C,19860203,279,100770
1986-252,Nairobi CH,Clay,32,C,19860203,280,100663
1986-252,Nairobi CH,Clay,32,C,19860203,281,100544
1986-252,Nairobi CH,Clay,32,C,19860203,282,107894
1986-252,Nairobi CH,Clay,32,C,19860203,283,100543
1986-252,Nairobi CH,Clay,32,C,19860203,284,100602
1986-252,Nairobi CH,Clay,32,C,19860203,285,100426
1986-252,Nairobi CH,Clay,32,C,19860203,286,100307
1986-252,Nairobi CH,Clay,32,C,19860203,287,100966
1986-252,Nairobi CH,Clay,32,C,19860203,288,100770
1986-252,Nairobi CH,Clay,32,C,19860203,289,100663
1986-252,Nairobi CH,Clay,32,C,19860203,290,100648
1986-252,Nairobi CH,Clay,32,C,19860203,291,100543
1986-252,Nairobi CH,Clay,32,C,19860203,292,101024
1986-252,Nairobi CH,Clay,32,C,19860203,293,100330
1986-252,Nairobi CH,Clay,32,C,19860203,294,100966
1986-252,Nairobi CH,Clay,32,C,19860203,295,100770
1986-252,Nairobi CH,Clay,32,C,19860203,296,100663
1986-252,Nairobi CH,Clay,32,C,19860203,297,100543
1986-252,Nairobi CH,Clay,32,C,19860203,298,100663
1986-252,Nairobi CH,Clay,32,C,19860203,299,100543
1986-252,Nairobi CH,Clay,32,C,19860203,300,100543
1986-242,Benin City CH,Hard,32,C,19860210,270,100589
1986-242,Benin City CH,Hard,32,C,19860210,271,100496
1986-242,Benin City CH,Hard,32,C,19860210,272,101216
1986-242,Benin City CH,Hard,32,C,19860210,273,100450
1986-242,Benin City CH,Hard,32,C,19860210,274,100770
1986-242,Benin City CH,Hard,32,C,19860210,275,100954
1986-242,Benin City CH,Hard,32,C,19860210,276,100649
1986-242,Benin City CH,Hard,32,C,19860210,277,101285
1986-242,Benin City CH,Hard,32,C,19860210,278,101233
1986-242,Benin City CH,Hard,32,C,19860210,279,100648
1986-242,Benin City CH,Hard,32,C,19860210,280,100986
1986-242,Benin City CH,Hard,32,C,19860210,281,100602
1986-242,Benin City CH,Hard,32,C,19860210,282,100426
1986-242,Benin City CH,Hard,32,C,19860210,283,100449
1986-242,Benin City CH,Hard,32,C,19860210,284,101126
1986-242,Benin City CH,Hard,32,C,19860210,285,100553
1986-242,Benin City CH,Hard,32,C,19860210,286,100589
1986-242,Benin City CH,Hard,32,C,19860210,287,100496
1986-242,Benin City CH,Hard,32,C,19860210,288,100649
1986-242,Benin City CH,Hard,32,C,19860210,289,100449
1986-242,Benin City CH,Hard,32,C,19860210,290,101216
1986-242,Benin City CH,Hard,32,C,19860210,291,101285
1986-242,Benin City CH,Hard,32,C,19860210,292,100426
1986-242,Benin City CH,Hard,32,C,19860210,293,100553
1986-242,Benin City CH,Hard,32,C,19860210,294,101216
1986-242,Benin City CH,Hard,32,C,19860210,295,100449
1986-242,Benin City CH,Hard,32,C,19860210,296,100426
1986-242,Benin City CH,Hard,32,C,19860210,297,100553
1986-242,Benin City CH,Hard,32,C,19860210,298,101216
1986-242,Benin City CH,Hard,32,C,19860210,299,100553
1986-242,Benin City CH,Hard,32,C,19860210,300,101216
1986-296,Enugu CH,Hard,32,C,19860217,270,100972
1986-296,Enugu CH,Hard,32,C,19860217,271,100826
1986-296,Enugu CH,Hard,32,C,19860217,272,100544
1986-296,Enugu CH,Hard,32,C,19860217,273,100664
1986-296,Enugu CH,Hard,32,C,19860217,274,100330
1986-296,Enugu CH,Hard,32,C,19860217,275,100663
1986-296,Enugu CH,Hard,32,C,19860217,276,100449
1986-296,Enugu CH,Hard,32,C,19860217,277,100648
1986-296,Enugu CH,Hard,32,C,19860217,278,101285
1986-296,Enugu CH,Hard,32,C,19860217,279,100565
1986-296,Enugu CH,Hard,32,C,19860217,280,100602
1986-296,Enugu CH,Hard,32,C,19860217,281,101233
1986-296,Enugu CH,Hard,32,C,19860217,282,101035
1986-296,Enugu CH,Hard,32,C,19860217,283,100450
1986-296,Enugu CH,Hard,32,C,19860217,284,100951
1986-296,Enugu CH,Hard,32,C,19860217,285,100553
1986-296,Enugu CH,Hard,32,C,19860217,286,100450
1986-296,Enugu CH,Hard,32,C,19860217,287,100664
1986-296,Enugu CH,Hard,32,C,19860217,288,100663
1986-296,Enugu CH,Hard,32,C,19860217,289,100951
1986-296,Enugu CH,Hard,32,C,19860217,290,101285
1986-296,Enugu CH,Hard,32,C,19860217,291,100330
1986-296,Enugu CH,Hard,32,C,19860217,292,100544
1986-296,Enugu CH,Hard,32,C,19860217,293,100553
1986-296,Enugu CH,Hard,32,C,19860217,294,100450
1986-296,Enugu CH,Hard,32,C,19860217,295,100544
1986-296,Enugu CH,Hard,32,C,19860217,296,100663
1986-296,Enugu CH,Hard,32,C,19860217,297,100553
1986-296,Enugu CH,Hard,32,C,19860217,298,100663
1986-296,Enugu CH,Hard,32,C,19860217,299,100544
1986-296,Enugu CH,Hard,32,C,19860217,300,100663
1986-206,Cairo CH,Clay,32,C,19860224,286,100481
1986-206,Cairo CH,Clay,32,C,19860224,287,100764
1986-206,Cairo CH,Clay,32,C,19860224,288,100848
1986-206,Cairo CH,Clay,32,C,19860224,289,101112
1986-206,Cairo CH,Clay,32,C,19860224,290,101124
1986-206,Cairo CH,Clay,32,C,19860224,291,100688
1986-206,Cairo CH,Clay,32,C,19860224,292,101115
1986-206,Cairo CH,Clay,32,C,19860224,293,100719
1986-206,Cairo CH,Clay,32,C,19860224,294,101063
1986-206,Cairo CH,Clay,32,C,19860224,295,100460
1986-206,Cairo CH,Clay,32,C,19860224,296,100417
1986-206,Cairo CH,Clay,32,C,19860224,297,100536
1986-206,Cairo CH,Clay,32,C,19860224,298,101404
1986-206,Cairo CH,Clay,32,C,19860224,299,100646
1986-206,Cairo CH,Clay,32,C,19860224,300,100894
1986-205,Lagos CH,Hard,32,C,19860224,270,100972
1986-205,Lagos CH,Hard,32,C,19860224,271,100826
1986-205,Lagos CH,Hard,32,C,19860224,272,100663
1986-205,Lagos CH,Hard,32,C,19860224,273,100951
1986-205,Lagos CH,Hard,32,C,19860224,274,101180
1986-205,Lagos CH,Hard,32,C,19860224,275,101031
1986-205,Lagos CH,Hard,32,C,19860224,276,100449
1986-205,Lagos CH,Hard,32,C,19860224,277,101233
1986-205,Lagos CH,Hard,32,C,19860224,278,100986
1986-205,Lagos CH,Hard,32,C,19860224,279,100954
1986-205,Lagos CH,Hard,32,C,19860224,280,100426
1986-205,Lagos CH,Hard,32,C,19860224,281,101035
1986-205,Lagos CH,Hard,32,C,19860224,282,100645
1986-205,Lagos CH,Hard,32,C,19860224,283,101179
1986-205,Lagos CH,Hard,32,C,19860224,284,100496
1986-205,Lagos CH,Hard,32,C,19860224,285,100553
1986-205,Lagos CH,Hard,32,C,19860224,286,100663
1986-205,Lagos CH,Hard,32,C,19860224,287,101233
1986-205,Lagos CH,Hard,32,C,19860224,288,100972
1986-205,Lagos CH,Hard,32,C,19860224,289,100951
1986-205,Lagos CH,Hard,32,C,19860224,290,100449
1986-205,Lagos CH,Hard,32,C,19860224,291,101180
1986-205,Lagos CH,Hard,32,C,19860224,292,101179
1986-205,Lagos CH,Hard,32,C,19860224,293,100553
1986-205,Lagos CH,Hard,32,C,19860224,294,100972
1986-205,Lagos CH,Hard,32,C,19860224,295,100663
1986-205,Lagos CH,Hard,32,C,19860224,296,101179
1986-205,Lagos CH,Hard,32,C,19860224,297,100553
1986-205,Lagos CH,Hard,32,C,19860224,298,100663
1986-205,Lagos CH,Hard,32,C,19860224,299,100553
1986-205,Lagos CH,Hard,32,C,19860224,300,100553
1986-203,Ogun CH,Hard,32,C,19860303,270,100589
1986-203,Ogun CH,Hard,32,C,19860303,271,100831
1986-203,Ogun CH,Hard,32,C,19860303,272,100450
1986-203,Ogun CH,Hard,32,C,19860303,273,100643
1986-203,Ogun CH,Hard,32,C,19860303,274,100664
1986-203,Ogun CH,Hard,32,C,19860303,275,101144
1986-203,Ogun CH,Hard,32,C,19860303,276,100720
1986-203,Ogun CH,Hard,32,C,19860303,277,101180
1986-203,Ogun CH,Hard,32,C,19860303,278,100972
1986-203,Ogun CH,Hard,32,C,19860303,279,100826
1986-203,Ogun CH,Hard,32,C,19860303,280,100449
1986-203,Ogun CH,Hard,32,C,19860303,281,100544
1986-203,Ogun CH,Hard,32,C,19860303,282,101179
1986-203,Ogun CH,Hard,32,C,19860303,283,101035
1986-203,Ogun CH,Hard,32,C,19860303,284,101148
1986-203,Ogun CH,Hard,32,C,19860303,285,100602
1986-203,Ogun CH,Hard,32,C,19860303,286,100831
1986-203,Ogun CH,Hard,32,C,19860303,287,101144
1986-203,Ogun CH,Hard,32,C,19860303,288,100972
1986-203,Ogun CH,Hard,32,C,19860303,289,100589
1986-203,Ogun CH,Hard,32,C,19860303,290,100449
1986-203,Ogun CH,Hard,32,C,19860303,291,101179
1986-203,Ogun CH,Hard,32,C,19860303,292,101035
1986-203,Ogun CH,Hard,32,C,19860303,293,100602
1986-203,Ogun CH,Hard,32,C,19860303,294,100831
1986-203,Ogun CH,Hard,32,C,19860303,295,101144
1986-203,Ogun CH,Hard,32,C,19860303,296,100449
1986-203,Ogun CH,Hard,32,C,19860303,297,100972
1986-203,Ogun CH,Hard,32,C,19860303,298,101144
1986-203,Ogun CH,Hard,32,C,19860303,299,100449
1986-203,Ogun CH,Hard,32,C,19860303,300,100449
1986-208,Vienna CH,Carpet,32,C,19860303,270,100899
1986-208,Vienna CH,Carpet,32,C,19860303,271,101511
1986-208,Vienna CH,Carpet,32,C,19860303,272,100884
1986-208,Vienna CH,Carpet,32,C,19860303,273,100490
1986-208,Vienna CH,Carpet,32,C,19860303,274,101301
1986-208,Vienna CH,Carpet,32,C,19860303,275,100714
1986-208,Vienna CH,Carpet,32,C,19860303,276,100830
1986-208,Vienna CH,Carpet,32,C,19860303,277,100938
1986-208,Vienna CH,Carpet,32,C,19860303,278,101378
1986-208,Vienna CH,Carpet,32,C,19860303,279,100515
1986-208,Vienna CH,Carpet,32,C,19860303,280,101226
1986-208,Vienna CH,Carpet,32,C,19860303,281,101120
1986-208,Vienna CH,Carpet,32,C,19860303,282,100796
1986-208,Vienna CH,Carpet,32,C,19860303,283,100551
1986-208,Vienna CH,Carpet,32,C,19860303,284,100598
1986-208,Vienna CH,Carpet,32,C,19860303,285,100730
1986-208,Vienna CH,Carpet,32,C,19860303,286,100796
1986-208,Vienna CH,Carpet,32,C,19860303,287,101511
1986-208,Vienna CH,Carpet,32,C,19860303,288,100899
1986-208,Vienna CH,Carpet,32,C,19860303,289,100830
1986-208,Vienna CH,Carpet,32,C,19860303,290,101120
1986-208,Vienna CH,Carpet,32,C,19860303,291,100490
1986-208,Vienna CH,Carpet,32,C,19860303,292,100938
1986-208,Vienna CH,Carpet,32,C,19860303,293,100714
1986-208,Vienna CH,Carpet,32,C,19860303,294,101511
1986-208,Vienna CH,Carpet,32,C,19860303,295,100714
1986-208,Vienna CH,Carpet,32,C,19860303,296,100830
1986-208,Vienna CH,Carpet,32,C,19860303,297,101120
1986-208,Vienna CH,Carpet,32,C,19860303,298,100830
1986-208,Vienna CH,Carpet,32,C,19860303,299,101120
1986-208,Vienna CH,Carpet,32,C,19860303,300,100830
1986-215,Rio De Janeiro CH,Clay,32,C,19860310,270,100240
1986-215,Rio De Janeiro CH,Clay,32,C,19860310,271,101174
1986-215,Rio De Janeiro CH,Clay,32,C,19860310,272,100980
1986-215,Rio De Janeiro CH,Clay,32,C,19860310,273,101018
1986-215,Rio De Janeiro CH,Clay,32,C,19860310,274,100954
1986-215,Rio De Janeiro CH,Clay,32,C,19860310,275,101237
1986-215,Rio De Janeiro CH,Clay,32,C,19860310,276,100651
1986-215,Rio De Janeiro CH,Clay,32,C,19860310,277,101250
1986-215,Rio De Janeiro CH,Clay,32,C,19860310,278,100799
1986-215,Rio De Janeiro CH,Clay,32,C,19860310,279,100793
1986-215,Rio De Janeiro CH,Clay,32,C,19860310,280,101007
1986-215,Rio De Janeiro CH,Clay,32,C,19860310,281,100807
1986-215,Rio De Janeiro CH,Clay,32,C,19860310,282,100848
1986-215,Rio De Janeiro CH,Clay,32,C,19860310,283,100398
1986-215,Rio De Janeiro CH,Clay,32,C,19860310,284,100652
1986-215,Rio De Janeiro CH,Clay,32,C,19860310,285,100945
1986-215,Rio De Janeiro CH,Clay,32,C,19860310,286,101174
1986-215,Rio De Janeiro CH,Clay,32,C,19860310,287,100954
1986-215,Rio De Janeiro CH,Clay,32,C,19860310,288,100945
1986-215,Rio De Janeiro CH,Clay,32,C,19860310,289,101250
1986-215,Rio De Janeiro CH,Clay,32,C,19860310,290,101007
1986-215,Rio De Janeiro CH,Clay,32,C,19860310,291,100807
1986-215,Rio De Janeiro CH,Clay,32,C,19860310,292,100651
1986-215,Rio De Janeiro CH,Clay,32,C,19860310,293,100652
1986-215,Rio De Janeiro CH,Clay,32,C,19860310,294,100954
1986-215,Rio De Janeiro CH,Clay,32,C,19860310,295,101007
1986-215,Rio De Janeiro CH,Clay,32,C,19860310,296,100651
1986-215,Rio De Janeiro CH,Clay,32,C,19860310,297,100652
1986-215,Rio De Janeiro CH,Clay,32,C,19860310,298,100954
1986-215,Rio De Janeiro CH,Clay,32,C,19860310,299,100651
1986-215,Rio De Janeiro CH,Clay,32,C,19860310,300,100954
1986-288,Brasilia CH,Clay,32,C,19860317,270,100711
1986-288,Brasilia CH,Clay,32,C,19860317,271,101387
1986-288,Brasilia CH,Clay,32,C,19860317,272,100980
1986-288,Brasilia CH,Clay,32,C,19860317,273,106930
1986-288,Brasilia CH,Clay,32,C,19860317,274,100630
1986-288,Brasilia CH,Clay,32,C,19860317,275,101250
1986-288,Brasilia CH,Clay,32,C,19860317,276,100799
1986-288,Brasilia CH,Clay,32,C,19860317,277,100595
1986-288,Brasilia CH,Clay,32,C,19860317,278,101004
1986-288,Brasilia CH,Clay,32,C,19860317,279,100863
1986-288,Brasilia CH,Clay,32,C,19860317,280,100639
1986-288,Brasilia CH,Clay,32,C,19860317,281,101174
1986-288,Brasilia CH,Clay,32,C,19860317,282,100323
1986-288,Brasilia CH,Clay,32,C,19860317,283,101074
1986-288,Brasilia CH,Clay,32,C,19860317,284,100398
1986-288,Brasilia CH,Clay,32,C,19860317,285,100652
1986-288,Brasilia CH,Clay,32,C,19860317,286,100711
1986-288,Brasilia CH,Clay,32,C,19860317,287,101004
1986-288,Brasilia CH,Clay,32,C,19860317,288,100980
1986-288,Brasilia CH,Clay,32,C,19860317,289,100863
1986-288,Brasilia CH,Clay,32,C,19860317,290,100630
1986-288,Brasilia CH,Clay,32,C,19860317,291,100595
1986-288,Brasilia CH,Clay,32,C,19860317,292,101074
1986-288,Brasilia CH,Clay,32,C,19860317,293,101387
1986-288,Brasilia CH,Clay,32,C,19860317,294,101004
1986-288,Brasilia CH,Clay,32,C,19860317,295,100980
1986-288,Brasilia CH,Clay,32,C,19860317,296,100595
1986-288,Brasilia CH,Clay,32,C,19860317,297,100711
1986-288,Brasilia CH,Clay,32,C,19860317,298,100711
1986-288,Brasilia CH,Clay,32,C,19860317,299,100595
1986-288,Brasilia CH,Clay,32,C,19860317,300,100711
1986-212,Marrakech CH,Clay,32,C,19860324,270,101324
1986-212,Marrakech CH,Clay,32,C,19860324,271,100640
1986-212,Marrakech CH,Clay,32,C,19860324,272,107213
1986-212,Marrakech CH,Clay,32,C,19860324,273,106442
1986-212,Marrakech CH,Clay,32,C,19860324,274,100790
1986-212,Marrakech CH,Clay,32,C,19860324,275,100785
1986-212,Marrakech CH,Clay,32,C,19860324,276,101109
1986-212,Marrakech CH,Clay,32,C,19860324,277,100938
1986-212,Marrakech CH,Clay,32,C,19860324,278,101179
1986-212,Marrakech CH,Clay,32,C,19860324,279,100460
1986-212,Marrakech CH,Clay,32,C,19860324,280,100395
1986-212,Marrakech CH,Clay,32,C,19860324,281,100826
1986-212,Marrakech CH,Clay,32,C,19860324,282,101110
1986-212,Marrakech CH,Clay,32,C,19860324,283,101285
1986-212,Marrakech CH,Clay,32,C,19860324,284,101086
1986-212,Marrakech CH,Clay,32,C,19860324,285,101013
1986-212,Marrakech CH,Clay,32,C,19860324,286,100826
1986-212,Marrakech CH,Clay,32,C,19860324,287,101110
1986-212,Marrakech CH,Clay,32,C,19860324,288,100785
1986-212,Marrakech CH,Clay,32,C,19860324,289,101285
1986-212,Marrakech CH,Clay,32,C,19860324,290,100640
1986-212,Marrakech CH,Clay,32,C,19860324,291,100395
1986-212,Marrakech CH,Clay,32,C,19860324,292,101086
1986-212,Marrakech CH,Clay,32,C,19860324,293,101324
1986-212,Marrakech CH,Clay,32,C,19860324,294,101324
1986-212,Marrakech CH,Clay,32,C,19860324,295,101285
1986-212,Marrakech CH,Clay,32,C,19860324,296,101110
1986-212,Marrakech CH,Clay,32,C,19860324,297,101086
1986-212,Marrakech CH,Clay,32,C,19860324,298,101110
1986-212,Marrakech CH,Clay,32,C,19860324,299,101285
1986-212,Marrakech CH,Clay,32,C,19860324,300,101110
1986-209,Porto Alegre CH,Clay,32,C,19860324,270,100639
1986-209,Porto Alegre CH,Clay,32,C,19860324,271,100240
1986-209,Porto Alegre CH,Clay,32,C,19860324,272,101004
1986-209,Porto Alegre CH,Clay,32,C,19860324,273,101387
1986-209,Porto Alegre CH,Clay,32,C,19860324,274,100548
1986-209,Porto Alegre CH,Clay,32,C,19860324,275,100651
1986-209,Porto Alegre CH,Clay,32,C,19860324,276,107432
1986-209,Porto Alegre CH,Clay,32,C,19860324,277,100945
1986-209,Porto Alegre CH,Clay,32,C,19860324,278,100954
1986-209,Porto Alegre CH,Clay,32,C,19860324,279,100986
1986-209,Porto Alegre CH,Clay,32,C,19860324,280,101007
1986-209,Porto Alegre CH,Clay,32,C,19860324,281,100807
1986-209,Porto Alegre CH,Clay,32,C,19860324,282,101237
1986-209,Porto Alegre CH,Clay,32,C,19860324,283,101074
1986-209,Porto Alegre CH,Clay,32,C,19860324,284,100398
1986-209,Porto Alegre CH,Clay,32,C,19860324,285,100607
1986-209,Porto Alegre CH,Clay,32,C,19860324,286,100639
1986-209,Porto Alegre CH,Clay,32,C,19860324,287,100954
1986-209,Porto Alegre CH,Clay,32,C,19860324,288,100986
1986-209,Porto Alegre CH,Clay,32,C,19860324,289,101007
1986-209,Porto Alegre CH,Clay,32,C,19860324,290,100945
1986-209,Porto Alegre CH,Clay,32,C,19860324,291,101074
1986-209,Porto Alegre CH,Clay,32,C,19860324,292,100398
1986-209,Porto Alegre CH,Clay,32,C,19860324,293,100607
1986-209,Porto Alegre CH,Clay,32,C,19860324,294,100639
1986-209,Porto Alegre CH,Clay,32,C,19860324,295,101074
1986-209,Porto Alegre CH,Clay,32,C,19860324,296,100398
1986-209,Porto Alegre CH,Clay,32,C,19860324,297,100607
1986-209,Porto Alegre CH,Clay,32,C,19860324,298,101074
1986-209,Porto Alegre CH,Clay,32,C,19860324,299,100639
1986-209,Porto Alegre CH,Clay,32,C,19860324,300,101074
1986-213,San Luis Potosi CH,Clay,32,C,19860324,270,100869
1986-213,San Luis Potosi CH,Clay,32,C,19860324,271,101196
1986-213,San Luis Potosi CH,Clay,32,C,19860324,272,100924
1986-213,San Luis Potosi CH,Clay,32,C,19860324,273,100964
1986-213,San Luis Potosi CH,Clay,32,C,19860324,274,100722
1986-213,San Luis Potosi CH,Clay,32,C,19860324,275,100906
1986-213,San Luis Potosi CH,Clay,32,C,19860324,276,101205
1986-213,San Luis Potosi CH,Clay,32,C,19860324,277,107232
1986-213,San Luis Potosi CH,Clay,32,C,19860324,278,100669
1986-213,San Luis Potosi CH,Clay,32,C,19860324,279,100703
1986-213,San Luis Potosi CH,Clay,32,C,19860324,280,100686
1986-213,San Luis Potosi CH,Clay,32,C,19860324,281,100831
1986-213,San Luis Potosi CH,Clay,32,C,19860324,282,100947
1986-213,San Luis Potosi CH,Clay,32,C,19860324,283,100840
1986-213,San Luis Potosi CH,Clay,32,C,19860324,284,101598
1986-213,San Luis Potosi CH,Clay,32,C,19860324,285,100663
1986-213,San Luis Potosi CH,Clay,32,C,19860324,286,101598
1986-213,San Luis Potosi CH,Clay,32,C,19860324,287,100686
1986-213,San Luis Potosi CH,Clay,32,C,19860324,288,107232
1986-213,San Luis Potosi CH,Clay,32,C,19860324,289,100669
1986-213,San Luis Potosi CH,Clay,32,C,19860324,290,100924
1986-213,San Luis Potosi CH,Clay,32,C,19860324,291,100964
1986-213,San Luis Potosi CH,Clay,32,C,19860324,292,101196
1986-213,San Luis Potosi CH,Clay,32,C,19860324,293,100663
1986-213,San Luis Potosi CH,Clay,32,C,19860324,294,101196
1986-213,San Luis Potosi CH,Clay,32,C,19860324,295,100964
1986-213,San Luis Potosi CH,Clay,32,C,19860324,296,100669
1986-213,San Luis Potosi CH,Clay,32,C,19860324,297,100924
1986-213,San Luis Potosi CH,Clay,32,C,19860324,298,101196
1986-213,San Luis Potosi CH,Clay,32,C,19860324,299,100669
1986-213,San Luis Potosi CH,Clay,32,C,19860324,300,101196
1986-202,Agadir CH,Clay,32,C,19860331,270,100899
1986-202,Agadir CH,Clay,32,C,19860331,271,101324
1986-202,Agadir CH,Clay,32,C,19860331,272,101391
1986-202,Agadir CH,Clay,32,C,19860331,273,100640
1986-202,Agadir CH,Clay,32,C,19860331,274,100383
1986-202,Agadir CH,Clay,32,C,19860331,275,100536
1986-202,Agadir CH,Clay,32,C,19860331,276,101031
1986-202,Agadir CH,Clay,32,C,19860331,277,100719
1986-202,Agadir CH,Clay,32,C,19860331,278,100431
1986-202,Agadir CH,Clay,32,C,19860331,279,100460
1986-202,Agadir CH,Clay,32,C,19860331,280,100395
1986-202,Agadir CH,Clay,32,C,19860331,281,101147
1986-202,Agadir CH,Clay,32,C,19860331,282,100543
1986-202,Agadir CH,Clay,32,C,19860331,283,101158
1986-202,Agadir CH,Clay,32,C,19860331,284,100785
1986-202,Agadir CH,Clay,32,C,19860331,285,101378
1986-202,Agadir CH,Clay,32,C,19860331,286,101391
1986-202,Agadir CH,Clay,32,C,19860331,287,101378
1986-202,Agadir CH,Clay,32,C,19860331,288,100383
1986-202,Agadir CH,Clay,32,C,19860331,289,101158
1986-202,Agadir CH,Clay,32,C,19860331,290,100785
1986-202,Agadir CH,Clay,32,C,19860331,291,100460
1986-202,Agadir CH,Clay,32,C,19860331,292,100395
1986-202,Agadir CH,Clay,32,C,19860331,293,100536
1986-202,Agadir CH,Clay,32,C,19860331,294,100536
1986-202,Agadir CH,Clay,32,C,19860331,295,100785
1986-202,Agadir CH,Clay,32,C,19860331,296,101378
1986-202,Agadir CH,Clay,32,C,19860331,297,101158
1986-202,Agadir CH,Clay,32,C,19860331,298,100536
1986-202,Agadir CH,Clay,32,C,19860331,299,100785
1986-202,Agadir CH,Clay,32,C,19860331,300,100536
1986-275,Sao Paulo CH,Clay,32,C,19860331,270,100639
1986-275,Sao Paulo CH,Clay,32,C,19860331,271,100727
1986-275,Sao Paulo CH,Clay,32,C,19860331,272,101004
1986-275,Sao Paulo CH,Clay,32,C,19860331,273,100548
1986-275,Sao Paulo CH,Clay,32,C,19860331,274,100630
1986-275,Sao Paulo CH,Clay,32,C,19860331,275,100651
1986-275,Sao Paulo CH,Clay,32,C,19860331,276,101250
1986-275,Sao Paulo CH,Clay,32,C,19860331,277,100986
1986-275,Sao Paulo CH,Clay,32,C,19860331,278,100954
1986-275,Sao Paulo CH,Clay,32,C,19860331,279,100595
1986-275,Sao Paulo CH,Clay,32,C,19860331,280,100711
1986-275,Sao Paulo CH,Clay,32,C,19860331,281,100398
1986-275,Sao Paulo CH,Clay,32,C,19860331,282,101074
1986-275,Sao Paulo CH,Clay,32,C,19860331,283,100607
1986-275,Sao Paulo CH,Clay,32,C,19860331,284,100652
1986-275,Sao Paulo CH,Clay,32,C,19860331,285,100221
1986-275,Sao Paulo CH,Clay,32,C,19860331,286,101250
1986-275,Sao Paulo CH,Clay,32,C,19860331,287,100630
1986-275,Sao Paulo CH,Clay,32,C,19860331,288,101004
1986-275,Sao Paulo CH,Clay,32,C,19860331,289,100639
1986-275,Sao Paulo CH,Clay,32,C,19860331,290,100548
1986-275,Sao Paulo CH,Clay,32,C,19860331,291,100651
1986-275,Sao Paulo CH,Clay,32,C,19860331,292,100652
1986-275,Sao Paulo CH,Clay,32,C,19860331,293,100221
1986-275,Sao Paulo CH,Clay,32,C,19860331,294,100548
1986-275,Sao Paulo CH,Clay,32,C,19860331,295,100651
1986-275,Sao Paulo CH,Clay,32,C,19860331,296,100652
1986-275,Sao Paulo CH,Clay,32,C,19860331,297,100221
1986-275,Sao Paulo CH,Clay,32,C,19860331,298,100548
1986-275,Sao Paulo CH,Clay,32,C,19860331,299,100651
1986-275,Sao Paulo CH,Clay,32,C,19860331,300,100548
1986-216,Jerusalem CH,Hard,32,C,19860407,270,101284
1986-216,Jerusalem CH,Hard,32,C,19860407,271,101391
1986-216,Jerusalem CH,Hard,32,C,19860407,272,101500
1986-216,Jerusalem CH,Hard,32,C,19860407,273,101380
1986-216,Jerusalem CH,Hard,32,C,19860407,274,100664
1986-216,Jerusalem CH,Hard,32,C,19860407,275,100556
1986-216,Jerusalem CH,Hard,32,C,19860407,276,100966
1986-216,Jerusalem CH,Hard,32,C,19860407,277,101332
1986-216,Jerusalem CH,Hard,32,C,19860407,278,100918
1986-216,Jerusalem CH,Hard,32,C,19860407,279,100820
1986-216,Jerusalem CH,Hard,32,C,19860407,280,101096
1986-216,Jerusalem CH,Hard,32,C,19860407,281,100866
1986-216,Jerusalem CH,Hard,32,C,19860407,282,100515
1986-216,Jerusalem CH,Hard,32,C,19860407,283,101216
1986-216,Jerusalem CH,Hard,32,C,19860407,284,100923
1986-216,Jerusalem CH,Hard,32,C,19860407,285,101195
1986-216,Jerusalem CH,Hard,32,C,19860407,286,100664
1986-216,Jerusalem CH,Hard,32,C,19860407,287,100556
1986-216,Jerusalem CH,Hard,32,C,19860407,288,101096
1986-216,Jerusalem CH,Hard,32,C,19860407,289,100866
1986-216,Jerusalem CH,Hard,32,C,19860407,290,101391
1986-216,Jerusalem CH,Hard,32,C,19860407,291,100966
1986-216,Jerusalem CH,Hard,32,C,19860407,292,100923
1986-216,Jerusalem CH,Hard,32,C,19860407,293,101195
1986-216,Jerusalem CH,Hard,32,C,19860407,294,101096
1986-216,Jerusalem CH,Hard,32,C,19860407,295,100966
1986-216,Jerusalem CH,Hard,32,C,19860407,296,100923
1986-216,Jerusalem CH,Hard,32,C,19860407,297,101195
1986-216,Jerusalem CH,Hard,32,C,19860407,298,100923
1986-216,Jerusalem CH,Hard,32,C,19860407,299,101195
1986-216,Jerusalem CH,Hard,32,C,19860407,300,101195
1986-269,Lisbon CH,Clay,32,C,19860407,270,101251
1986-269,Lisbon CH,Clay,32,C,19860407,271,100794
1986-269,Lisbon CH,Clay,32,C,19860407,272,100910
1986-269,Lisbon CH,Clay,32,C,19860407,273,100383
1986-269,Lisbon CH,Clay,32,C,19860407,274,101301
1986-269,Lisbon CH,Clay,32,C,19860407,275,101288
1986-269,Lisbon CH,Clay,32,C,19860407,276,107960
1986-269,Lisbon CH,Clay,32,C,19860407,277,100938
1986-269,Lisbon CH,Clay,32,C,19860407,278,100544
1986-269,Lisbon CH,Clay,32,C,19860407,279,100701
1986-269,Lisbon CH,Clay,32,C,19860407,280,100899
1986-269,Lisbon CH,Clay,32,C,19860407,281,101158
1986-269,Lisbon CH,Clay,32,C,19860407,282,100826
1986-269,Lisbon CH,Clay,32,C,19860407,283,100719
1986-269,Lisbon CH,Clay,32,C,19860407,284,100790
1986-269,Lisbon CH,Clay,32,C,19860407,285,101147
1986-269,Lisbon CH,Clay,32,C,19860407,286,101251
1986-269,Lisbon CH,Clay,32,C,19860407,287,100701
1986-269,Lisbon CH,Clay,32,C,19860407,288,100899
1986-269,Lisbon CH,Clay,32,C,19860407,289,101158
1986-269,Lisbon CH,Clay,32,C,19860407,290,101301
1986-269,Lisbon CH,Clay,32,C,19860407,291,100719
1986-269,Lisbon CH,Clay,32,C,19860407,292,100910
1986-269,Lisbon CH,Clay,32,C,19860407,293,101147
1986-269,Lisbon CH,Clay,32,C,19860407,294,100701
1986-269,Lisbon CH,Clay,32,C,19860407,295,100899
1986-269,Lisbon CH,Clay,32,C,19860407,296,100719
1986-269,Lisbon CH,Clay,32,C,19860407,297,101158
1986-269,Lisbon CH,Clay,32,C,19860407,298,100701
1986-269,Lisbon CH,Clay,32,C,19860407,299,101158
1986-269,Lisbon CH,Clay,32,C,19860407,300,100701
1986-218,Parioli CH,Clay,32,C,19860414,270,101251
1986-218,Parioli CH,Clay,32,C,19860414,271,101511
1986-218,Parioli CH,Clay,32,C,19860414,272,101439
1986-218,Parioli CH,Clay,32,C,19860414,273,101012
1986-218,Parioli CH,Clay,32,C,19860414,274,101686
1986-218,Parioli CH,Clay,32,C,19860414,275,100956
1986-218,Parioli CH,Clay,32,C,19860414,276,101405
1986-218,Parioli CH,Clay,32,C,19860414,277,101031
1986-218,Parioli CH,Clay,32,C,19860414,278,100913
1986-218,Parioli CH,Clay,32,C,19860414,279,100383
1986-218,Parioli CH,Clay,32,C,19860414,280,101124
1986-218,Parioli CH,Clay,32,C,19860414,281,100899
1986-218,Parioli CH,Clay,32,C,19860414,282,100640
1986-218,Parioli CH,Clay,32,C,19860414,283,101324
1986-218,Parioli CH,Clay,32,C,19860414,284,101649
1986-218,Parioli CH,Clay,32,C,19860414,285,101377
1986-218,Parioli CH,Clay,32,C,19860414,286,101251
1986-218,Parioli CH,Clay,32,C,19860414,287,100956
1986-218,Parioli CH,Clay,32,C,19860414,288,101031
1986-218,Parioli CH,Clay,32,C,19860414,289,101124
1986-218,Parioli CH,Clay,32,C,19860414,290,101377
1986-218,Parioli CH,Clay,32,C,19860414,291,100899
1986-218,Parioli CH,Clay,32,C,19860414,292,101686
1986-218,Parioli CH,Clay,32,C,19860414,293,101012
1986-218,Parioli CH,Clay,32,C,19860414,294,101251
1986-218,Parioli CH,Clay,32,C,19860414,295,100956
1986-218,Parioli CH,Clay,32,C,19860414,296,101124
1986-218,Parioli CH,Clay,32,C,19860414,297,100899
1986-218,Parioli CH,Clay,32,C,19860414,298,100956
1986-218,Parioli CH,Clay,32,C,19860414,299,100899
1986-218,Parioli CH,Clay,32,C,19860414,300,100956
1986-298,Loipersdorf CH,Clay,32,C,19860428,270,100332
1986-298,Loipersdorf CH,Clay,32,C,19860428,271,101582
1986-298,Loipersdorf CH,Clay,32,C,19860428,272,100490
1986-298,Loipersdorf CH,Clay,32,C,19860428,273,101256
1986-298,Loipersdorf CH,Clay,32,C,19860428,274,100551
1986-298,Loipersdorf CH,Clay,32,C,19860428,275,100449
1986-298,Loipersdorf CH,Clay,32,C,19860428,276,101377
1986-298,Loipersdorf CH,Clay,32,C,19860428,277,100595
1986-298,Loipersdorf CH,Clay,32,C,19860428,278,101190
1986-298,Loipersdorf CH,Clay,32,C,19860428,279,101324
1986-298,Loipersdorf CH,Clay,32,C,19860428,280,101404
1986-298,Loipersdorf CH,Clay,32,C,19860428,281,101387
1986-298,Loipersdorf CH,Clay,32,C,19860428,282,101285
1986-298,Loipersdorf CH,Clay,32,C,19860428,283,100730
1986-298,Loipersdorf CH,Clay,32,C,19860428,284,101150
1986-298,Loipersdorf CH,Clay,32,C,19860428,285,101275
1986-298,Loipersdorf CH,Clay,32,C,19860428,286,101275
1986-298,Loipersdorf CH,Clay,32,C,19860428,287,101150
1986-298,Loipersdorf CH,Clay,32,C,19860428,288,101387
1986-298,Loipersdorf CH,Clay,32,C,19860428,289,101190
1986-298,Loipersdorf CH,Clay,32,C,19860428,290,101324
1986-298,Loipersdorf CH,Clay,32,C,19860428,291,101404
1986-298,Loipersdorf CH,Clay,32,C,19860428,292,101256
1986-298,Loipersdorf CH,Clay,32,C,19860428,293,100730
1986-298,Loipersdorf CH,Clay,32,C,19860428,294,101256
1986-298,Loipersdorf CH,Clay,32,C,19860428,295,101190
1986-298,Loipersdorf CH,Clay,32,C,19860428,296,101324
1986-298,Loipersdorf CH,Clay,32,C,19860428,297,101404
1986-298,Loipersdorf CH,Clay,32,C,19860428,298,101324
1986-298,Loipersdorf CH,Clay,32,C,19860428,299,101404
1986-298,Loipersdorf CH,Clay,32,C,19860428,300,101404
1986-217,Nagoya CH,Hard,32,C,19860428,270,100592
1986-217,Nagoya CH,Hard,32,C,19860428,271,106929
1986-217,Nagoya CH,Hard,32,C,19860428,272,100860
1986-217,Nagoya CH,Hard,32,C,19860428,273,100519
1986-217,Nagoya CH,Hard,32,C,19860428,274,100766
1986-217,Nagoya CH,Hard,32,C,19860428,275,101650
1986-217,Nagoya CH,Hard,32,C,19860428,276,100241
1986-217,Nagoya CH,Hard,32,C,19860428,277,100648
1986-217,Nagoya CH,Hard,32,C,19860428,278,100882
1986-217,Nagoya CH,Hard,32,C,19860428,279,100485
1986-217,Nagoya CH,Hard,32,C,19860428,280,100681
1986-217,Nagoya CH,Hard,32,C,19860428,281,100638
1986-217,Nagoya CH,Hard,32,C,19860428,282,100840
1986-217,Nagoya CH,Hard,32,C,19860428,283,100544
1986-217,Nagoya CH,Hard,32,C,19860428,284,100602
1986-217,Nagoya CH,Hard,32,C,19860428,285,100326
1986-217,Nagoya CH,Hard,32,C,19860428,286,100681
1986-217,Nagoya CH,Hard,32,C,19860428,287,101650
1986-217,Nagoya CH,Hard,32,C,19860428,288,100519
1986-217,Nagoya CH,Hard,32,C,19860428,289,100766
1986-217,Nagoya CH,Hard,32,C,19860428,290,100840
1986-217,Nagoya CH,Hard,32,C,19860428,291,100544
1986-217,Nagoya CH,Hard,32,C,19860428,292,100602
1986-217,Nagoya CH,Hard,32,C,19860428,293,100326
1986-217,Nagoya CH,Hard,32,C,19860428,294,100766
1986-217,Nagoya CH,Hard,32,C,19860428,295,100544
1986-217,Nagoya CH,Hard,32,C,19860428,296,100602
1986-217,Nagoya CH,Hard,32,C,19860428,297,100326
1986-217,Nagoya CH,Hard,32,C,19860428,298,100602
1986-217,Nagoya CH,Hard,32,C,19860428,299,100326
1986-217,Nagoya CH,Hard,32,C,19860428,300,100326
1986-221,Tampere CH,Clay,32,C,19860602,270,101216
1986-221,Tampere CH,Clay,32,C,19860602,271,100450
1986-221,Tampere CH,Clay,32,C,19860602,272,101301
1986-221,Tampere CH,Clay,32,C,19860602,273,100619
1986-221,Tampere CH,Clay,32,C,19860602,274,101051
1986-221,Tampere CH,Clay,32,C,19860602,275,100951
1986-221,Tampere CH,Clay,32,C,19860602,276,101377
1986-221,Tampere CH,Clay,32,C,19860602,277,101329
1986-221,Tampere CH,Clay,32,C,19860602,278,100945
1986-221,Tampere CH,Clay,32,C,19860602,279,101031
1986-221,Tampere CH,Clay,32,C,19860602,280,100918
1986-221,Tampere CH,Clay,32,C,19860602,281,101040
1986-221,Tampere CH,Clay,32,C,19860602,282,100595
1986-221,Tampere CH,Clay,32,C,19860602,283,101318
1986-221,Tampere CH,Clay,32,C,19860602,284,101226
1986-221,Tampere CH,Clay,32,C,19860602,285,100701
1986-221,Tampere CH,Clay,32,C,19860602,286,101318
1986-221,Tampere CH,Clay,32,C,19860602,287,101051
1986-221,Tampere CH,Clay,32,C,19860602,288,101031
1986-221,Tampere CH,Clay,32,C,19860602,289,101329
1986-221,Tampere CH,Clay,32,C,19860602,290,100619
1986-221,Tampere CH,Clay,32,C,19860602,291,100595
1986-221,Tampere CH,Clay,32,C,19860602,292,101377
1986-221,Tampere CH,Clay,32,C,19860602,293,100951
1986-221,Tampere CH,Clay,32,C,19860602,294,101318
1986-221,Tampere CH,Clay,32,C,19860602,295,101031
1986-221,Tampere CH,Clay,32,C,19860602,296,101377
1986-221,Tampere CH,Clay,32,C,19860602,297,100619
1986-221,Tampere CH,Clay,32,C,19860602,298,101031
1986-221,Tampere CH,Clay,32,C,19860602,299,101377
1986-221,Tampere CH,Clay,32,C,19860602,300,101377
1986-223,Bergen CH,Clay,32,C,19860616,270,100834
1986-223,Bergen CH,Clay,32,C,19860616,271,100716
1986-223,Bergen CH,Clay,32,C,19860616,272,100918
1986-223,Bergen CH,Clay,32,C,19860616,273,101150
1986-223,Bergen CH,Clay,32,C,19860616,274,100664
1986-223,Bergen CH,Clay,32,C,19860616,275,100921
1986-223,Bergen CH,Clay,32,C,19860616,276,101268
1986-223,Bergen CH,Clay,32,C,19860616,277,100799
1986-223,Bergen CH,Clay,32,C,19860616,278,101332
1986-223,Bergen CH,Clay,32,C,19860616,279,100956
1986-223,Bergen CH,Clay,32,C,19860616,280,106531
1986-223,Bergen CH,Clay,32,C,19860616,281,100945
1986-223,Bergen CH,Clay,32,C,19860616,282,101368
1986-223,Bergen CH,Clay,32,C,19860616,283,101329
1986-223,Bergen CH,Clay,32,C,19860616,284,101377
1986-223,Bergen CH,Clay,32,C,19860616,285,100696
1986-223,Bergen CH,Clay,32,C,19860616,286,100696
1986-223,Bergen CH,Clay,32,C,19860616,287,101332
1986-223,Bergen CH,Clay,32,C,19860616,288,101329
1986-223,Bergen CH,Clay,32,C,19860616,289,100956
1986-223,Bergen CH,Clay,32,C,19860616,290,106531
1986-223,Bergen CH,Clay,32,C,19860616,291,100945
1986-223,Bergen CH,Clay,32,C,19860616,292,101368
1986-223,Bergen CH,Clay,32,C,19860616,293,101377
1986-223,Bergen CH,Clay,32,C,19860616,294,101329
1986-223,Bergen CH,Clay,32,C,19860616,295,100696
1986-223,Bergen CH,Clay,32,C,19860616,296,100945
1986-223,Bergen CH,Clay,32,C,19860616,297,101377
1986-223,Bergen CH,Clay,32,C,19860616,298,100696
1986-223,Bergen CH,Clay,32,C,19860616,299,101329
1986-223,Bergen CH,Clay,32,C,19860616,300,100696
1986-368,Clermont Ferrand CH,Clay,32,C,19860623,270,108378
1986-368,Clermont Ferrand CH,Clay,32,C,19860623,271,100645
1986-368,Clermont Ferrand CH,Clay,32,C,19860623,272,100844
1986-368,Clermont Ferrand CH,Clay,32,C,19860623,273,100598
1986-368,Clermont Ferrand CH,Clay,32,C,19860623,274,100646
1986-368,Clermont Ferrand CH,Clay,32,C,19860623,275,100945
1986-368,Clermont Ferrand CH,Clay,32,C,19860623,276,101115
1986-368,Clermont Ferrand CH,Clay,32,C,19860623,277,100690
1986-368,Clermont Ferrand CH,Clay,32,C,19860623,278,100395
1986-368,Clermont Ferrand CH,Clay,32,C,19860623,279,101063
1986-368,Clermont Ferrand CH,Clay,32,C,19860623,280,101368
1986-368,Clermont Ferrand CH,Clay,32,C,19860623,281,101649
1986-368,Clermont Ferrand CH,Clay,32,C,19860623,282,101377
1986-368,Clermont Ferrand CH,Clay,32,C,19860623,283,101035
1986-368,Clermont Ferrand CH,Clay,32,C,19860623,284,101226
1986-368,Clermont Ferrand CH,Clay,32,C,19860623,285,100543
1986-368,Clermont Ferrand CH,Clay,32,C,19860623,286,101649
1986-368,Clermont Ferrand CH,Clay,32,C,19860623,287,100395
1986-368,Clermont Ferrand CH,Clay,32,C,19860623,288,101368
1986-368,Clermont Ferrand CH,Clay,32,C,19860623,289,100543
1986-368,Clermont Ferrand CH,Clay,32,C,19860623,290,100646
1986-368,Clermont Ferrand CH,Clay,32,C,19860623,291,100844
1986-368,Clermont Ferrand CH,Clay,32,C,19860623,292,101035
1986-368,Clermont Ferrand CH,Clay,32,C,19860623,293,108378
1986-368,Clermont Ferrand CH,Clay,32,C,19860623,294,100395
1986-368,Clermont Ferrand CH,Clay,32,C,19860623,295,100646
1986-368,Clermont Ferrand CH,Clay,32,C,19860623,296,101368
1986-368,Clermont Ferrand CH,Clay,32,C,19860623,297,101649
1986-368,Clermont Ferrand CH,Clay,32,C,19860623,298,100395
1986-368,Clermont Ferrand CH,Clay,32,C,19860623,299,100646
1986-368,Clermont Ferrand CH,Clay,32,C,19860623,300,100646
1986-297,Chartres CH,Clay,32,C,19860630,270,100727
1986-297,Chartres CH,Clay,32,C,19860630,271,101391
1986-297,Chartres CH,Clay,32,C,19860630,272,101511
1986-297,Chartres CH,Clay,32,C,19860630,273,101649
1986-297,Chartres CH,Clay,32,C,19860630,274,100395
1986-297,Chartres CH,Clay,32,C,19860630,275,101686
1986-297,Chartres CH,Clay,32,C,19860630,276,100799
1986-297,Chartres CH,Clay,32,C,19860630,277,101085
1986-297,Chartres CH,Clay,32,C,19860630,278,100715
1986-297,Chartres CH,Clay,32,C,19860630,279,101368
1986-297,Chartres CH,Clay,32,C,19860630,280,100781
1986-297,Chartres CH,Clay,32,C,19860630,281,101226
1986-297,Chartres CH,Clay,32,C,19860630,282,101377
1986-297,Chartres CH,Clay,32,C,19860630,283,100664
1986-297,Chartres CH,Clay,32,C,19860630,284,100922
1986-297,Chartres CH,Clay,32,C,19860630,285,101086
1986-297,Chartres CH,Clay,32,C,19860630,286,100395
1986-297,Chartres CH,Clay,32,C,19860630,287,101686
1986-297,Chartres CH,Clay,32,C,19860630,288,101511
1986-297,Chartres CH,Clay,32,C,19860630,289,101391
1986-297,Chartres CH,Clay,32,C,19860630,290,101226
1986-297,Chartres CH,Clay,32,C,19860630,291,101377
1986-297,Chartres CH,Clay,32,C,19860630,292,101085
1986-297,Chartres CH,Clay,32,C,19860630,293,101086
1986-297,Chartres CH,Clay,32,C,19860630,294,101085
1986-297,Chartres CH,Clay,32,C,19860630,295,101686
1986-297,Chartres CH,Clay,32,C,19860630,296,100395
1986-297,Chartres CH,Clay,32,C,19860630,297,101511
1986-297,Chartres CH,Clay,32,C,19860630,298,101511
1986-297,Chartres CH,Clay,32,C,19860630,299,100395
1986-297,Chartres CH,Clay,32,C,19860630,300,101511
1986-222,Dortmund CH,Clay,32,C,19860707,254,101284
1986-222,Dortmund CH,Clay,32,C,19860707,255,100794
1986-222,Dortmund CH,Clay,32,C,19860707,256,101132
1986-222,Dortmund CH,Clay,32,C,19860707,257,100598
1986-222,Dortmund CH,Clay,32,C,19860707,258,100620
1986-222,Dortmund CH,Clay,32,C,19860707,259,100932
1986-222,Dortmund CH,Clay,32,C,19860707,260,101288
1986-222,Dortmund CH,Clay,32,C,19860707,261,101234
1986-222,Dortmund CH,Clay,32,C,19860707,262,100619
1986-222,Dortmund CH,Clay,32,C,19860707,263,100951
1986-222,Dortmund CH,Clay,32,C,19860707,264,101031
1986-222,Dortmund CH,Clay,32,C,19860707,265,100913
1986-222,Dortmund CH,Clay,32,C,19860707,266,100696
1986-222,Dortmund CH,Clay,32,C,19860707,267,100938
1986-222,Dortmund CH,Clay,32,C,19860707,268,101085
1986-222,Dortmund CH,Clay,32,C,19860707,269,101329
1986-222,Dortmund CH,Clay,32,C,19860707,270,100543
1986-222,Dortmund CH,Clay,32,C,19860707,271,101000
1986-222,Dortmund CH,Clay,32,C,19860707,272,101329
1986-222,Dortmund CH,Clay,32,C,19860707,273,101288
1986-222,Dortmund CH,Clay,32,C,19860707,274,101031
1986-222,Dortmund CH,Clay,32,C,19860707,275,100587
1986-222,Dortmund CH,Clay,32,C,19860707,276,101511
1986-222,Dortmund CH,Clay,32,C,19860707,277,100620
1986-222,Dortmund CH,Clay,32,C,19860707,278,101274
1986-222,Dortmund CH,Clay,32,C,19860707,279,100938
1986-222,Dortmund CH,Clay,32,C,19860707,280,101391
1986-222,Dortmund CH,Clay,32,C,19860707,281,100770
1986-222,Dortmund CH,Clay,32,C,19860707,282,101132
1986-222,Dortmund CH,Clay,32,C,19860707,283,100932
1986-222,Dortmund CH,Clay,32,C,19860707,284,100826
1986-222,Dortmund CH,Clay,32,C,19860707,285,101085
1986-222,Dortmund CH,Clay,32,C,19860707,286,100932
1986-222,Dortmund CH,Clay,32,C,19860707,287,101288
1986-222,Dortmund CH,Clay,32,C,19860707,288,100543
1986-222,Dortmund CH,Clay,32,C,19860707,289,101511
1986-222,Dortmund CH,Clay,32,C,19860707,290,100620
1986-222,Dortmund CH,Clay,32,C,19860707,291,101391
1986-222,Dortmund CH,Clay,32,C,19860707,292,100770
1986-222,Dortmund CH,Clay,32,C,19860707,293,101000
1986-222,Dortmund CH,Clay,32,C,19860707,294,100620
1986-222,Dortmund CH,Clay,32,C,19860707,295,101511
1986-222,Dortmund CH,Clay,32,C,19860707,296,101288
1986-222,Dortmund CH,Clay,32,C,19860707,297,100770
1986-222,Dortmund CH,Clay,32,C,19860707,298,101288
1986-222,Dortmund CH,Clay,32,C,19860707,299,101511
1986-222,Dortmund CH,Clay,32,C,19860707,300,101511
1986-370,Hanko CH,Clay,32,C,19860714,270,101134
1986-370,Hanko CH,Clay,32,C,19860714,271,100764
1986-370,Hanko CH,Clay,32,C,19860714,272,100910
1986-370,Hanko CH,Clay,32,C,19860714,273,106557
1986-370,Hanko CH,Clay,32,C,19860714,274,100980
1986-370,Hanko CH,Clay,32,C,19860714,275,101144
1986-370,Hanko CH,Clay,32,C,19860714,276,101148
1986-370,Hanko CH,Clay,32,C,19860714,277,101329
1986-370,Hanko CH,Clay,32,C,19860714,278,100620
1986-370,Hanko CH,Clay,32,C,19860714,279,100669
1986-370,Hanko CH,Clay,32,C,19860714,280,101150
1986-370,Hanko CH,Clay,32,C,19860714,281,100543
1986-370,Hanko CH,Clay,32,C,19860714,282,100826
1986-370,Hanko CH,Clay,32,C,19860714,283,100509
1986-370,Hanko CH,Clay,32,C,19860714,284,100595
1986-370,Hanko CH,Clay,32,C,19860714,285,100829
1986-370,Hanko CH,Clay,32,C,19860714,286,101150
1986-370,Hanko CH,Clay,32,C,19860714,287,100620
1986-370,Hanko CH,Clay,32,C,19860714,288,100509
1986-370,Hanko CH,Clay,32,C,19860714,289,100910
1986-370,Hanko CH,Clay,32,C,19860714,290,100543
1986-370,Hanko CH,Clay,32,C,19860714,291,100826
1986-370,Hanko CH,Clay,32,C,19860714,292,100595
1986-370,Hanko CH,Clay,32,C,19860714,293,100829
1986-370,Hanko CH,Clay,32,C,19860714,294,100543
1986-370,Hanko CH,Clay,32,C,19860714,295,100826
1986-370,Hanko CH,Clay,32,C,19860714,296,100595
1986-370,Hanko CH,Clay,32,C,19860714,297,100829
1986-370,Hanko CH,Clay,32,C,19860714,298,100826
1986-370,Hanko CH,Clay,32,C,19860714,299,100829
1986-370,Hanko CH,Clay,32,C,19860714,300,100826
1986-224,Schenectady CH,Hard,32,C,19860714,270,101196
1986-224,Schenectady CH,Hard,32,C,19860714,271,107678
1986-224,Schenectady CH,Hard,32,C,19860714,272,100597
1986-224,Schenectady CH,Hard,32,C,19860714,273,101026
1986-224,Schenectady CH,Hard,32,C,19860714,274,100967
1986-224,Schenectady CH,Hard,32,C,19860714,275,100877
1986-224,Schenectady CH,Hard,32,C,19860714,276,100793
1986-224,Schenectady CH,Hard,32,C,19860714,277,101736
1986-224,Schenectady CH,Hard,32,C,19860714,278,100502
1986-224,Schenectady CH,Hard,32,C,19860714,279,101226
1986-224,Schenectady CH,Hard,32,C,19860714,280,100928
1986-224,Schenectady CH,Hard,32,C,19860714,281,100761
1986-224,Schenectady CH,Hard,32,C,19860714,282,100870
1986-224,Schenectady CH,Hard,32,C,19860714,283,100935
1986-224,Schenectady CH,Hard,32,C,19860714,284,101216
1986-224,Schenectady CH,Hard,32,C,19860714,285,100752
1986-224,Schenectady CH,Hard,32,C,19860714,286,100935
1986-224,Schenectady CH,Hard,32,C,19860714,287,100877
1986-224,Schenectady CH,Hard,32,C,19860714,288,101736
1986-224,Schenectady CH,Hard,32,C,19860714,289,101196
1986-224,Schenectady CH,Hard,32,C,19860714,290,101226
1986-224,Schenectady CH,Hard,32,C,19860714,291,100928
1986-224,Schenectady CH,Hard,32,C,19860714,292,101026
1986-224,Schenectady CH,Hard,32,C,19860714,293,100752
1986-224,Schenectady CH,Hard,32,C,19860714,294,101026
1986-224,Schenectady CH,Hard,32,C,19860714,295,101736
1986-224,Schenectady CH,Hard,32,C,19860714,296,100928
1986-224,Schenectady CH,Hard,32,C,19860714,297,100752
1986-224,Schenectady CH,Hard,32,C,19860714,298,101736
1986-224,Schenectady CH,Hard,32,C,19860714,299,100752
1986-224,Schenectady CH,Hard,32,C,19860714,300,100752
1986-249,Travemunde CH,Clay,32,C,19860714,254,101284
1986-249,Travemunde CH,Clay,32,C,19860714,255,100589
1986-249,Travemunde CH,Clay,32,C,19860714,256,101502
1986-249,Travemunde CH,Clay,32,C,19860714,257,101582
1986-249,Travemunde CH,Clay,32,C,19860714,258,101181
1986-249,Travemunde CH,Clay,32,C,19860714,259,101500
1986-249,Travemunde CH,Clay,32,C,19860714,260,100246
1986-249,Travemunde CH,Clay,32,C,19860714,261,101004
1986-249,Travemunde CH,Clay,32,C,19860714,262,100731
1986-249,Travemunde CH,Clay,32,C,19860714,263,101018
1986-249,Travemunde CH,Clay,32,C,19860714,264,101412
1986-249,Travemunde CH,Clay,32,C,19860714,265,106655
1986-249,Travemunde CH,Clay,32,C,19860714,266,101169
1986-249,Travemunde CH,Clay,32,C,19860714,267,100804
1986-249,Travemunde CH,Clay,32,C,19860714,268,108492
1986-249,Travemunde CH,Clay,32,C,19860714,269,100938
1986-249,Travemunde CH,Clay,32,C,19860714,270,100804
1986-249,Travemunde CH,Clay,32,C,19860714,271,101031
1986-249,Travemunde CH,Clay,32,C,19860714,272,101582
1986-249,Travemunde CH,Clay,32,C,19860714,273,101181
1986-249,Travemunde CH,Clay,32,C,19860714,274,106655
1986-249,Travemunde CH,Clay,32,C,19860714,275,100690
1986-249,Travemunde CH,Clay,32,C,19860714,276,101004
1986-249,Travemunde CH,Clay,32,C,19860714,277,100598
1986-249,Travemunde CH,Clay,32,C,19860714,278,100731
1986-249,Travemunde CH,Clay,32,C,19860714,279,101000
1986-249,Travemunde CH,Clay,32,C,19860714,280,100785
1986-249,Travemunde CH,Clay,32,C,19860714,281,100962
1986-249,Travemunde CH,Clay,32,C,19860714,282,101318
1986-249,Travemunde CH,Clay,32,C,19860714,283,100941
1986-249,Travemunde CH,Clay,32,C,19860714,284,100490
1986-249,Travemunde CH,Clay,32,C,19860714,285,101284
1986-249,Travemunde CH,Clay,32,C,19860714,286,101031
1986-249,Travemunde CH,Clay,32,C,19860714,287,100731
1986-249,Travemunde CH,Clay,32,C,19860714,288,101000
1986-249,Travemunde CH,Clay,32,C,19860714,289,100690
1986-249,Travemunde CH,Clay,32,C,19860714,290,100962
1986-249,Travemunde CH,Clay,32,C,19860714,291,101318
1986-249,Travemunde CH,Clay,32,C,19860714,292,100941
1986-249,Travemunde CH,Clay,32,C,19860714,293,100804
1986-249,Travemunde CH,Clay,32,C,19860714,294,101031
1986-249,Travemunde CH,Clay,32,C,19860714,295,101000
1986-249,Travemunde CH,Clay,32,C,19860714,296,100962
1986-249,Travemunde CH,Clay,32,C,19860714,297,100941
1986-249,Travemunde CH,Clay,32,C,19860714,298,101000
1986-249,Travemunde CH,Clay,32,C,19860714,299,100941
1986-249,Travemunde CH,Clay,32,C,19860714,300,100941
1986-219,Berkeley CH,Hard,32,C,19860721,270,101323
1986-219,Berkeley CH,Hard,32,C,19860721,271,100761
1986-219,Berkeley CH,Hard,32,C,19860721,272,100703
1986-219,Berkeley CH,Hard,32,C,19860721,273,101033
1986-219,Berkeley CH,Hard,32,C,19860721,274,100448
1986-219,Berkeley CH,Hard,32,C,19860721,275,101093
1986-219,Berkeley CH,Hard,32,C,19860721,276,100875
1986-219,Berkeley CH,Hard,32,C,19860721,277,101205
1986-219,Berkeley CH,Hard,32,C,19860721,278,100810
1986-219,Berkeley CH,Hard,32,C,19860721,279,101066
1986-219,Berkeley CH,Hard,32,C,19860721,280,100606
1986-219,Berkeley CH,Hard,32,C,19860721,281,100517
1986-219,Berkeley CH,Hard,32,C,19860721,282,101242
1986-219,Berkeley CH,Hard,32,C,19860721,283,100326
1986-219,Berkeley CH,Hard,32,C,19860721,284,100974
1986-219,Berkeley CH,Hard,32,C,19860721,285,100452
1986-219,Berkeley CH,Hard,32,C,19860721,286,101066
1986-219,Berkeley CH,Hard,32,C,19860721,287,100974
1986-219,Berkeley CH,Hard,32,C,19860721,288,100810
1986-219,Berkeley CH,Hard,32,C,19860721,289,100606
1986-219,Berkeley CH,Hard,32,C,19860721,290,100517
1986-219,Berkeley CH,Hard,32,C,19860721,291,101242
1986-219,Berkeley CH,Hard,32,C,19860721,292,101205
1986-219,Berkeley CH,Hard,32,C,19860721,293,100452
1986-219,Berkeley CH,Hard,32,C,19860721,294,101205
1986-219,Berkeley CH,Hard,32,C,19860721,295,100517
1986-219,Berkeley CH,Hard,32,C,19860721,296,101242
1986-219,Berkeley CH,Hard,32,C,19860721,297,100606
1986-219,Berkeley CH,Hard,32,C,19860721,298,100606
1986-219,Berkeley CH,Hard,32,C,19860721,299,101242
1986-219,Berkeley CH,Hard,32,C,19860721,300,101242
1986-225,Campos CH,Hard,32,C,19860721,270,100240
1986-225,Campos CH,Hard,32,C,19860721,271,100933
1986-225,Campos CH,Hard,32,C,19860721,272,106930
1986-225,Campos CH,Hard,32,C,19860721,273,101237
1986-225,Campos CH,Hard,32,C,19860721,274,100318
1986-225,Campos CH,Hard,32,C,19860721,275,101250
1986-225,Campos CH,Hard,32,C,19860721,276,100596
1986-225,Campos CH,Hard,32,C,19860721,277,101483
1986-225,Campos CH,Hard,32,C,19860721,278,101174
1986-225,Campos CH,Hard,32,C,19860721,279,100711
1986-225,Campos CH,Hard,32,C,19860721,280,100548
1986-225,Campos CH,Hard,32,C,19860721,281,100715
1986-225,Campos CH,Hard,32,C,19860721,282,100544
1986-225,Campos CH,Hard,32,C,19860721,283,100398
1986-225,Campos CH,Hard,32,C,19860721,284,100917
1986-225,Campos CH,Hard,32,C,19860721,285,100221
1986-225,Campos CH,Hard,32,C,19860721,286,100318
1986-225,Campos CH,Hard,32,C,19860721,287,100711
1986-225,Campos CH,Hard,32,C,19860721,288,100548
1986-225,Campos CH,Hard,32,C,19860721,289,100240
1986-225,Campos CH,Hard,32,C,19860721,290,100544
1986-225,Campos CH,Hard,32,C,19860721,291,100398
1986-225,Campos CH,Hard,32,C,19860721,292,100917
1986-225,Campos CH,Hard,32,C,19860721,293,100221
1986-225,Campos CH,Hard,32,C,19860721,294,100548
1986-225,Campos CH,Hard,32,C,19860721,295,100240
1986-225,Campos CH,Hard,32,C,19860721,296,100711
1986-225,Campos CH,Hard,32,C,19860721,297,100221
1986-225,Campos CH,Hard,32,C,19860721,298,100548
1986-225,Campos CH,Hard,32,C,19860721,299,100240
1986-225,Campos CH,Hard,32,C,19860721,300,100548
1986-227,Neu Ulm CH,Clay,32,C,19860721,254,100930
1986-227,Neu Ulm CH,Clay,32,C,19860721,255,101059
1986-227,Neu Ulm CH,Clay,32,C,19860721,256,100794
1986-227,Neu Ulm CH,Clay,32,C,19860721,257,100645
1986-227,Neu Ulm CH,Clay,32,C,19860721,258,101500
1986-227,Neu Ulm CH,Clay,32,C,19860721,259,107781
1986-227,Neu Ulm CH,Clay,32,C,19860721,260,101018
1986-227,Neu Ulm CH,Clay,32,C,19860721,261,100556
1986-227,Neu Ulm CH,Clay,32,C,19860721,262,100966
1986-227,Neu Ulm CH,Clay,32,C,19860721,263,101105
1986-227,Neu Ulm CH,Clay,32,C,19860721,264,100799
1986-227,Neu Ulm CH,Clay,32,C,19860721,265,101332
1986-227,Neu Ulm CH,Clay,32,C,19860721,266,108492
1986-227,Neu Ulm CH,Clay,32,C,19860721,267,100938
1986-227,Neu Ulm CH,Clay,32,C,19860721,268,100880
1986-227,Neu Ulm CH,Clay,32,C,19860721,269,101329
1986-227,Neu Ulm CH,Clay,32,C,19860721,270,101059
1986-227,Neu Ulm CH,Clay,32,C,19860721,271,101189
1986-227,Neu Ulm CH,Clay,32,C,19860721,272,100966
1986-227,Neu Ulm CH,Clay,32,C,19860721,273,101332
1986-227,Neu Ulm CH,Clay,32,C,19860721,274,100938
1986-227,Neu Ulm CH,Clay,32,C,19860721,275,101329
1986-227,Neu Ulm CH,Clay,32,C,19860721,276,101318
1986-227,Neu Ulm CH,Clay,32,C,19860721,277,101500
1986-227,Neu Ulm CH,Clay,32,C,19860721,278,101018
1986-227,Neu Ulm CH,Clay,32,C,19860721,279,101000
1986-227,Neu Ulm CH,Clay,32,C,19860721,280,101105
1986-227,Neu Ulm CH,Clay,32,C,19860721,281,100543
1986-227,Neu Ulm CH,Clay,32,C,19860721,282,100490
1986-227,Neu Ulm CH,Clay,32,C,19860721,283,100956
1986-227,Neu Ulm CH,Clay,32,C,19860721,284,100645
1986-227,Neu Ulm CH,Clay,32,C,19860721,285,100880
1986-227,Neu Ulm CH,Clay,32,C,19860721,286,100966
1986-227,Neu Ulm CH,Clay,32,C,19860721,287,101332
1986-227,Neu Ulm CH,Clay,32,C,19860721,288,100938
1986-227,Neu Ulm CH,Clay,32,C,19860721,289,101318
1986-227,Neu Ulm CH,Clay,32,C,19860721,290,101000
1986-227,Neu Ulm CH,Clay,32,C,19860721,291,101500
1986-227,Neu Ulm CH,Clay,32,C,19860721,292,101018
1986-227,Neu Ulm CH,Clay,32,C,19860721,293,100956
1986-227,Neu Ulm CH,Clay,32,C,19860721,294,101332
1986-227,Neu Ulm CH,Clay,32,C,19860721,295,101318
1986-227,Neu Ulm CH,Clay,32,C,19860721,296,100938
1986-227,Neu Ulm CH,Clay,32,C,19860721,297,100956
1986-227,Neu Ulm CH,Clay,32,C,19860721,298,101332
1986-227,Neu Ulm CH,Clay,32,C,19860721,299,100956
1986-227,Neu Ulm CH,Clay,32,C,19860721,300,100956
1986-373,Sapporo CH,Hard,32,C,19860721,270,108257
1986-373,Sapporo CH,Hard,32,C,19860721,271,107529
1986-373,Sapporo CH,Hard,32,C,19860721,272,108253
1986-373,Sapporo CH,Hard,32,C,19860721,273,100149
1986-373,Sapporo CH,Hard,32,C,19860721,274,108368
1986-373,Sapporo CH,Hard,32,C,19860721,275,108256
1986-373,Sapporo CH,Hard,32,C,19860721,276,101169
1986-373,Sapporo CH,Hard,32,C,19860721,277,101019
1986-373,Sapporo CH,Hard,32,C,19860721,278,100485
1986-373,Sapporo CH,Hard,32,C,19860721,279,108420
1986-373,Sapporo CH,Hard,32,C,19860721,280,110982
1986-373,Sapporo CH,Hard,32,C,19860721,281,100241
1986-373,Sapporo CH,Hard,32,C,19860721,282,100569
1986-373,Sapporo CH,Hard,32,C,19860721,283,110881
1986-373,Sapporo CH,Hard,32,C,19860721,284,101380
1986-373,Sapporo CH,Hard,32,C,19860721,285,100524
1986-373,Sapporo CH,Hard,32,C,19860721,286,110881
1986-373,Sapporo CH,Hard,32,C,19860721,287,108368
1986-373,Sapporo CH,Hard,32,C,19860721,288,100485
1986-373,Sapporo CH,Hard,32,C,19860721,289,108420
1986-373,Sapporo CH,Hard,32,C,19860721,290,100149
1986-373,Sapporo CH,Hard,32,C,19860721,291,100569
1986-373,Sapporo CH,Hard,32,C,19860721,292,101169
1986-373,Sapporo CH,Hard,32,C,19860721,293,100524
1986-373,Sapporo CH,Hard,32,C,19860721,294,108368
1986-373,Sapporo CH,Hard,32,C,19860721,295,108420
1986-373,Sapporo CH,Hard,32,C,19860721,296,100569
1986-373,Sapporo CH,Hard,32,C,19860721,297,100485
1986-373,Sapporo CH,Hard,32,C,19860721,298,100485
1986-373,Sapporo CH,Hard,32,C,19860721,299,100569
1986-373,Sapporo CH,Hard,32,C,19860721,300,100569
1986-226,Istanbul CH,Clay,32,C,19860728,270,101264
1986-226,Istanbul CH,Clay,32,C,19860728,271,101500
1986-226,Istanbul CH,Clay,32,C,19860728,272,107884
1986-226,Istanbul CH,Clay,32,C,19860728,273,106655
1986-226,Istanbul CH,Clay,32,C,19860728,274,107845
1986-226,Istanbul CH,Clay,32,C,19860728,275,101149
1986-226,Istanbul CH,Clay,32,C,19860728,276,101247
1986-226,Istanbul CH,Clay,32,C,19860728,277,100824
1986-226,Istanbul CH,Clay,32,C,19860728,278,100794
1986-226,Istanbul CH,Clay,32,C,19860728,280,100669
1986-226,Istanbul CH,Clay,32,C,19860728,281,100619
1986-226,Istanbul CH,Clay,32,C,19860728,282,101233
1986-226,Istanbul CH,Clay,32,C,19860728,283,101288
1986-226,Istanbul CH,Clay,32,C,19860728,284,101004
1986-226,Istanbul CH,Clay,32,C,19860728,285,101230
1986-226,Istanbul CH,Clay,32,C,19860728,287,101004
1986-226,Istanbul CH,Clay,32,C,19860728,288,101233
1986-226,Istanbul CH,Clay,32,C,19860728,289,100794
1986-226,Istanbul CH,Clay,32,C,19860728,290,100669
1986-226,Istanbul CH,Clay,32,C,19860728,291,100619
1986-226,Istanbul CH,Clay,32,C,19860728,292,101500
1986-226,Istanbul CH,Clay,32,C,19860728,293,101230
1986-226,Istanbul CH,Clay,32,C,19860728,294,101004
1986-226,Istanbul CH,Clay,32,C,19860728,295,100669
1986-226,Istanbul CH,Clay,32,C,19860728,296,101233
1986-226,Istanbul CH,Clay,32,C,19860728,299,101004
1986-365,Sao Paulo CH,Clay,32,C,19860728,270,101007
1986-365,Sao Paulo CH,Clay,32,C,19860728,271,108243
1986-365,Sao Paulo CH,Clay,32,C,19860728,272,106930
1986-365,Sao Paulo CH,Clay,32,C,19860728,273,101237
1986-365,Sao Paulo CH,Clay,32,C,19860728,274,100795
1986-365,Sao Paulo CH,Clay,32,C,19860728,275,100393
1986-365,Sao Paulo CH,Clay,32,C,19860728,276,100318
1986-365,Sao Paulo CH,Clay,32,C,19860728,277,100323
1986-365,Sao Paulo CH,Clay,32,C,19860728,278,101174
1986-365,Sao Paulo CH,Clay,32,C,19860728,279,100711
1986-365,Sao Paulo CH,Clay,32,C,19860728,280,100548
1986-365,Sao Paulo CH,Clay,32,C,19860728,281,100949
1986-365,Sao Paulo CH,Clay,32,C,19860728,282,100398
1986-365,Sao Paulo CH,Clay,32,C,19860728,283,100596
1986-365,Sao Paulo CH,Clay,32,C,19860728,284,100954
1986-365,Sao Paulo CH,Clay,32,C,19860728,285,100221
1986-365,Sao Paulo CH,Clay,32,C,19860728,286,101174
1986-365,Sao Paulo CH,Clay,32,C,19860728,287,101237
1986-365,Sao Paulo CH,Clay,32,C,19860728,288,100393
1986-365,Sao Paulo CH,Clay,32,C,19860728,289,100711
1986-365,Sao Paulo CH,Clay,32,C,19860728,290,100548
1986-365,Sao Paulo CH,Clay,32,C,19860728,291,100398
1986-365,Sao Paulo CH,Clay,32,C,19860728,292,100954
1986-365,Sao Paulo CH,Clay,32,C,19860728,293,100221
1986-365,Sao Paulo CH,Clay,32,C,19860728,294,101237
1986-365,Sao Paulo CH,Clay,32,C,19860728,295,100398
1986-365,Sao Paulo CH,Clay,32,C,19860728,296,100954
1986-365,Sao Paulo CH,Clay,32,C,19860728,297,100221
1986-365,Sao Paulo CH,Clay,32,C,19860728,298,100954
1986-365,Sao Paulo CH,Clay,32,C,19860728,299,100221
1986-365,Sao Paulo CH,Clay,32,C,19860728,300,100221
1986-371,Raleigh CH,Clay,32,C,19860804,270,101007
1986-371,Raleigh CH,Clay,32,C,19860804,271,101004
1986-371,Raleigh CH,Clay,32,C,19860804,272,107183
1986-371,Raleigh CH,Clay,32,C,19860804,273,101066
1986-371,Raleigh CH,Clay,32,C,19860804,274,100556
1986-371,Raleigh CH,Clay,32,C,19860804,275,100810
1986-371,Raleigh CH,Clay,32,C,19860804,276,100978
1986-371,Raleigh CH,Clay,32,C,19860804,277,100562
1986-371,Raleigh CH,Clay,32,C,19860804,278,101003
1986-371,Raleigh CH,Clay,32,C,19860804,279,100716
1986-371,Raleigh CH,Clay,32,C,19860804,280,101191
1986-371,Raleigh CH,Clay,32,C,19860804,281,100740
1986-371,Raleigh CH,Clay,32,C,19860804,282,100715
1986-371,Raleigh CH,Clay,32,C,19860804,283,101309
1986-371,Raleigh CH,Clay,32,C,19860804,284,100611
1986-371,Raleigh CH,Clay,32,C,19860804,285,101131
1986-371,Raleigh CH,Clay,32,C,19860804,286,101191
1986-371,Raleigh CH,Clay,32,C,19860804,287,101004
1986-371,Raleigh CH,Clay,32,C,19860804,288,101066
1986-371,Raleigh CH,Clay,32,C,19860804,289,101309
1986-371,Raleigh CH,Clay,32,C,19860804,290,101003
1986-371,Raleigh CH,Clay,32,C,19860804,291,100715
1986-371,Raleigh CH,Clay,32,C,19860804,292,100611
1986-371,Raleigh CH,Clay,32,C,19860804,293,101131
1986-371,Raleigh CH,Clay,32,C,19860804,294,101309
1986-371,Raleigh CH,Clay,32,C,19860804,295,100715
1986-371,Raleigh CH,Clay,32,C,19860804,296,100611
1986-371,Raleigh CH,Clay,32,C,19860804,297,101131
1986-371,Raleigh CH,Clay,32,C,19860804,298,100611
1986-371,Raleigh CH,Clay,32,C,19860804,299,101131
1986-371,Raleigh CH,Clay,32,C,19860804,300,101131
1986-273,Knokke CH,Clay,32,C,19860811,270,101642
1986-273,Knokke CH,Clay,32,C,19860811,271,108831
1986-273,Knokke CH,Clay,32,C,19860811,272,106759
1986-273,Knokke CH,Clay,32,C,19860811,273,107452
1986-273,Knokke CH,Clay,32,C,19860811,274,108243
1986-273,Knokke CH,Clay,32,C,19860811,275,101148
1986-273,Knokke CH,Clay,32,C,19860811,276,101407
1986-273,Knokke CH,Clay,32,C,19860811,277,100599
1986-273,Knokke CH,Clay,32,C,19860811,278,101500
1986-273,Knokke CH,Clay,32,C,19860811,279,107085
1986-273,Knokke CH,Clay,32,C,19860811,280,101133
1986-273,Knokke CH,Clay,32,C,19860811,281,107480
1986-273,Knokke CH,Clay,32,C,19860811,282,100794
1986-273,Knokke CH,Clay,32,C,19860811,283,101329
1986-273,Knokke CH,Clay,32,C,19860811,284,101040
1986-273,Knokke CH,Clay,32,C,19860811,285,101288
1986-273,Knokke CH,Clay,32,C,19860811,286,108831
1986-273,Knokke CH,Clay,32,C,19860811,287,107085
1986-273,Knokke CH,Clay,32,C,19860811,288,108243
1986-273,Knokke CH,Clay,32,C,19860811,289,100599
1986-273,Knokke CH,Clay,32,C,19860811,290,100794
1986-273,Knokke CH,Clay,32,C,19860811,291,101329
1986-273,Knokke CH,Clay,32,C,19860811,292,101040
1986-273,Knokke CH,Clay,32,C,19860811,293,107452
1986-273,Knokke CH,Clay,32,C,19860811,294,107085
1986-273,Knokke CH,Clay,32,C,19860811,295,100599
1986-273,Knokke CH,Clay,32,C,19860811,296,101329
1986-273,Knokke CH,Clay,32,C,19860811,297,101040
1986-273,Knokke CH,Clay,32,C,19860811,298,107085
1986-273,Knokke CH,Clay,32,C,19860811,299,101329
1986-273,Knokke CH,Clay,32,C,19860811,300,107085
1986-372,New Haven CH,Hard,32,C,19860811,270,101066
1986-372,New Haven CH,Hard,32,C,19860811,271,100556
1986-372,New Haven CH,Hard,32,C,19860811,272,101026
1986-372,New Haven CH,Hard,32,C,19860811,273,100833
1986-372,New Haven CH,Hard,32,C,19860811,274,100517
1986-372,New Haven CH,Hard,32,C,19860811,275,101340
1986-372,New Haven CH,Hard,32,C,19860811,276,100606
1986-372,New Haven CH,Hard,32,C,19860811,277,101736
1986-372,New Haven CH,Hard,32,C,19860811,278,101004
1986-372,New Haven CH,Hard,32,C,19860811,279,100776
1986-372,New Haven CH,Hard,32,C,19860811,280,101242
1986-372,New Haven CH,Hard,32,C,19860811,281,100597
1986-372,New Haven CH,Hard,32,C,19860811,282,100703
1986-372,New Haven CH,Hard,32,C,19860811,283,100797
1986-372,New Haven CH,Hard,32,C,19860811,284,101263
1986-372,New Haven CH,Hard,32,C,19860811,285,100452
1986-372,New Haven CH,Hard,32,C,19860811,286,100776
1986-372,New Haven CH,Hard,32,C,19860811,287,100556
1986-372,New Haven CH,Hard,32,C,19860811,288,101340
1986-372,New Haven CH,Hard,32,C,19860811,289,101004
1986-372,New Haven CH,Hard,32,C,19860811,290,101242
1986-372,New Haven CH,Hard,32,C,19860811,291,100597
1986-372,New Haven CH,Hard,32,C,19860811,292,100797
1986-372,New Haven CH,Hard,32,C,19860811,293,100452
1986-372,New Haven CH,Hard,32,C,19860811,294,101340
1986-372,New Haven CH,Hard,32,C,19860811,295,101242
1986-372,New Haven CH,Hard,32,C,19860811,296,100797
1986-372,New Haven CH,Hard,32,C,19860811,297,101004
1986-372,New Haven CH,Hard,32,C,19860811,298,101242
1986-372,New Haven CH,Hard,32,C,19860811,299,100797
1986-372,New Haven CH,Hard,32,C,19860811,300,101242
1986-230,Messina CH,Clay,32,C,19860901,270,101264
1986-230,Messina CH,Clay,32,C,19860901,271,101387
1986-230,Messina CH,Clay,32,C,19860901,272,100932
1986-230,Messina CH,Clay,32,C,19860901,273,101288
1986-230,Messina CH,Clay,32,C,19860901,274,101320
1986-230,Messina CH,Clay,32,C,19860901,275,101074
1986-230,Messina CH,Clay,32,C,19860901,276,101239
1986-230,Messina CH,Clay,32,C,19860901,277,100595
1986-230,Messina CH,Clay,32,C,19860901,278,101085
1986-230,Messina CH,Clay,32,C,19860901,279,101329
1986-230,Messina CH,Clay,32,C,19860901,280,100865
1986-230,Messina CH,Clay,32,C,19860901,281,100395
1986-230,Messina CH,Clay,32,C,19860901,282,101031
1986-230,Messina CH,Clay,32,C,19860901,283,101109
1986-230,Messina CH,Clay,32,C,19860901,284,101368
1986-230,Messina CH,Clay,32,C,19860901,285,100956
1986-230,Messina CH,Clay,32,C,19860901,286,101320
1986-230,Messina CH,Clay,32,C,19860901,287,101031
1986-230,Messina CH,Clay,32,C,19860901,288,101329
1986-230,Messina CH,Clay,32,C,19860901,289,100865
1986-230,Messina CH,Clay,32,C,19860901,290,100395
1986-230,Messina CH,Clay,32,C,19860901,291,101109
1986-230,Messina CH,Clay,32,C,19860901,292,101368
1986-230,Messina CH,Clay,32,C,19860901,293,100956
1986-230,Messina CH,Clay,32,C,19860901,294,101031
1986-230,Messina CH,Clay,32,C,19860901,295,101109
1986-230,Messina CH,Clay,32,C,19860901,296,101368
1986-230,Messina CH,Clay,32,C,19860901,297,100956
1986-230,Messina CH,Clay,32,C,19860901,298,101109
1986-230,Messina CH,Clay,32,C,19860901,299,100956
1986-230,Messina CH,Clay,32,C,19860901,300,101109
1986-232,Thessaloniki CH,Hard,32,C,19860908,270,101500
1986-232,Thessaloniki CH,Hard,32,C,19860908,271,100622
1986-232,Thessaloniki CH,Hard,32,C,19860908,272,100664
1986-232,Thessaloniki CH,Hard,32,C,19860908,273,100556
1986-232,Thessaloniki CH,Hard,32,C,19860908,274,100619
1986-232,Thessaloniki CH,Hard,32,C,19860908,275,106531
1986-232,Thessaloniki CH,Hard,32,C,19860908,276,101149
1986-232,Thessaloniki CH,Hard,32,C,19860908,277,101332
1986-232,Thessaloniki CH,Hard,32,C,19860908,278,101233
1986-232,Thessaloniki CH,Hard,32,C,19860908,279,100884
1986-232,Thessaloniki CH,Hard,32,C,19860908,280,100932
1986-232,Thessaloniki CH,Hard,32,C,19860908,281,101288
1986-232,Thessaloniki CH,Hard,32,C,19860908,282,100669
1986-232,Thessaloniki CH,Hard,32,C,19860908,283,101329
1986-232,Thessaloniki CH,Hard,32,C,19860908,284,100962
1986-232,Thessaloniki CH,Hard,32,C,19860908,285,100690
1986-232,Thessaloniki CH,Hard,32,C,19860908,286,100884
1986-232,Thessaloniki CH,Hard,32,C,19860908,287,101149
1986-232,Thessaloniki CH,Hard,32,C,19860908,288,100932
1986-232,Thessaloniki CH,Hard,32,C,19860908,289,101500
1986-232,Thessaloniki CH,Hard,32,C,19860908,290,100669
1986-232,Thessaloniki CH,Hard,32,C,19860908,291,101233
1986-232,Thessaloniki CH,Hard,32,C,19860908,292,100962
1986-232,Thessaloniki CH,Hard,32,C,19860908,293,101332
1986-232,Thessaloniki CH,Hard,32,C,19860908,294,100884
1986-232,Thessaloniki CH,Hard,32,C,19860908,295,101233
1986-232,Thessaloniki CH,Hard,32,C,19860908,296,101332
1986-232,Thessaloniki CH,Hard,32,C,19860908,297,100962
1986-232,Thessaloniki CH,Hard,32,C,19860908,298,101233
1986-232,Thessaloniki CH,Hard,32,C,19860908,299,100962
1986-232,Thessaloniki CH,Hard,32,C,19860908,300,100962
1986-369,Budapest CH,Clay,32,C,19860915,270,101089
1986-369,Budapest CH,Clay,32,C,19860915,271,101150
1986-369,Budapest CH,Clay,32,C,19860915,272,100490
1986-369,Budapest CH,Clay,32,C,19860915,273,101189
1986-369,Budapest CH,Clay,32,C,19860915,274,107102
1986-369,Budapest CH,Clay,32,C,19860915,275,106655
1986-369,Budapest CH,Clay,32,C,19860915,276,100993
1986-369,Budapest CH,Clay,32,C,19860915,277,100799
1986-369,Budapest CH,Clay,32,C,19860915,278,101233
1986-369,Budapest CH,Clay,32,C,19860915,279,100587
1986-369,Budapest CH,Clay,32,C,19860915,280,100899
1986-369,Budapest CH,Clay,32,C,19860915,281,101288
1986-369,Budapest CH,Clay,32,C,19860915,282,100449
1986-369,Budapest CH,Clay,32,C,19860915,283,101329
1986-369,Budapest CH,Clay,32,C,19860915,284,100624
1986-369,Budapest CH,Clay,32,C,19860915,285,100964
1986-369,Budapest CH,Clay,32,C,19860915,286,100624
1986-369,Budapest CH,Clay,32,C,19860915,287,101150
1986-369,Budapest CH,Clay,32,C,19860915,288,100587
1986-369,Budapest CH,Clay,32,C,19860915,289,100899
1986-369,Budapest CH,Clay,32,C,19860915,290,100490
1986-369,Budapest CH,Clay,32,C,19860915,291,100449
1986-369,Budapest CH,Clay,32,C,19860915,292,101329
1986-369,Budapest CH,Clay,32,C,19860915,293,101189
1986-369,Budapest CH,Clay,32,C,19860915,294,100490
1986-369,Budapest CH,Clay,32,C,19860915,295,100587
1986-369,Budapest CH,Clay,32,C,19860915,296,100899
1986-369,Budapest CH,Clay,32,C,19860915,297,101329
1986-369,Budapest CH,Clay,32,C,19860915,298,100490
1986-369,Budapest CH,Clay,32,C,19860915,299,100899
1986-369,Budapest CH,Clay,32,C,19860915,300,100899
1986-381,Brisbane CH,Hard,32,C,19860922,254,101889
1986-381,Brisbane CH,Hard,32,C,19860922,255,101556
1986-381,Brisbane CH,Hard,32,C,19860922,256,101727
1986-381,Brisbane CH,Hard,32,C,19860922,257,107532
1986-381,Brisbane CH,Hard,32,C,19860922,258,101580
1986-381,Brisbane CH,Hard,32,C,19860922,259,107221
1986-381,Brisbane CH,Hard,32,C,19860922,260,107122
1986-381,Brisbane CH,Hard,32,C,19860922,261,107950
1986-381,Brisbane CH,Hard,32,C,19860922,262,107291
1986-381,Brisbane CH,Hard,32,C,19860922,263,101361
1986-381,Brisbane CH,Hard,32,C,19860922,264,101735
1986-381,Brisbane CH,Hard,32,C,19860922,265,101509
1986-381,Brisbane CH,Hard,32,C,19860922,266,101744
1986-381,Brisbane CH,Hard,32,C,19860922,267,108081
1986-381,Brisbane CH,Hard,32,C,19860922,268,101398
1986-381,Brisbane CH,Hard,32,C,19860922,269,101676
1986-381,Brisbane CH,Hard,32,C,19860922,270,101889
1986-381,Brisbane CH,Hard,32,C,19860922,271,101556
1986-381,Brisbane CH,Hard,32,C,19860922,272,101398
1986-381,Brisbane CH,Hard,32,C,19860922,273,100638
1986-381,Brisbane CH,Hard,32,C,19860922,274,101461
1986-381,Brisbane CH,Hard,32,C,19860922,275,101744
1986-381,Brisbane CH,Hard,32,C,19860922,276,101650
1986-381,Brisbane CH,Hard,32,C,19860922,277,101034
1986-381,Brisbane CH,Hard,32,C,19860922,278,101186
1986-381,Brisbane CH,Hard,32,C,19860922,279,108420
1986-381,Brisbane CH,Hard,32,C,19860922,280,100988
1986-381,Brisbane CH,Hard,32,C,19860922,281,101144
1986-381,Brisbane CH,Hard,32,C,19860922,282,100868
1986-381,Brisbane CH,Hard,32,C,19860922,283,100551
1986-381,Brisbane CH,Hard,32,C,19860922,284,101727
1986-381,Brisbane CH,Hard,32,C,19860922,285,100744
1986-381,Brisbane CH,Hard,32,C,19860922,286,100638
1986-381,Brisbane CH,Hard,32,C,19860922,287,101650
1986-381,Brisbane CH,Hard,32,C,19860922,288,101034
1986-381,Brisbane CH,Hard,32,C,19860922,289,100988
1986-381,Brisbane CH,Hard,32,C,19860922,290,101889
1986-381,Brisbane CH,Hard,32,C,19860922,291,100868
1986-381,Brisbane CH,Hard,32,C,19860922,292,100551
1986-381,Brisbane CH,Hard,32,C,19860922,293,100744
1986-381,Brisbane CH,Hard,32,C,19860922,294,100638
1986-381,Brisbane CH,Hard,32,C,19860922,295,100868
1986-381,Brisbane CH,Hard,32,C,19860922,296,100551
1986-381,Brisbane CH,Hard,32,C,19860922,297,101034
1986-381,Brisbane CH,Hard,32,C,19860922,298,100868
1986-381,Brisbane CH,Hard,32,C,19860922,299,100551
1986-381,Brisbane CH,Hard,32,C,19860922,300,100551
1986-231,West Palm CH,Clay,32,C,19860922,270,100776
1986-231,West Palm CH,Clay,32,C,19860922,271,100624
1986-231,West Palm CH,Clay,32,C,19860922,272,101294
1986-231,West Palm CH,Clay,32,C,19860922,273,100852
1986-231,West Palm CH,Clay,32,C,19860922,274,100833
1986-231,West Palm CH,Clay,32,C,19860922,275,100596
1986-231,West Palm CH,Clay,32,C,19860922,276,100696
1986-231,West Palm CH,Clay,32,C,19860922,277,100677
1986-231,West Palm CH,Clay,32,C,19860922,278,100751
1986-231,West Palm CH,Clay,32,C,19860922,279,101340
1986-231,West Palm CH,Clay,32,C,19860922,280,107183
1986-231,West Palm CH,Clay,32,C,19860922,281,101309
1986-231,West Palm CH,Clay,32,C,19860922,282,100286
1986-231,West Palm CH,Clay,32,C,19860922,283,100770
1986-231,West Palm CH,Clay,32,C,19860922,284,101126
1986-231,West Palm CH,Clay,32,C,19860922,285,101736
1986-231,West Palm CH,Clay,32,C,19860922,286,107183
1986-231,West Palm CH,Clay,32,C,19860922,287,100833
1986-231,West Palm CH,Clay,32,C,19860922,288,100696
1986-231,West Palm CH,Clay,32,C,19860922,289,101309
1986-231,West Palm CH,Clay,32,C,19860922,290,100751
1986-231,West Palm CH,Clay,32,C,19860922,291,100286
1986-231,West Palm CH,Clay,32,C,19860922,292,100770
1986-231,West Palm CH,Clay,32,C,19860922,293,100624
1986-231,West Palm CH,Clay,32,C,19860922,294,100696
1986-231,West Palm CH,Clay,32,C,19860922,295,100833
1986-231,West Palm CH,Clay,32,C,19860922,296,101309
1986-231,West Palm CH,Clay,32,C,19860922,297,100770
1986-231,West Palm CH,Clay,32,C,19860922,298,101309
1986-231,West Palm CH,Clay,32,C,19860922,299,100696
1986-231,West Palm CH,Clay,32,C,19860922,300,101309
1986-292,Athens CH,Hard,32,C,19860929,270,100691
1986-292,Athens CH,Hard,32,C,19860929,271,100910
1986-292,Athens CH,Hard,32,C,19860929,272,101354
1986-292,Athens CH,Hard,32,C,19860929,273,101500
1986-292,Athens CH,Hard,32,C,19860929,274,100556
1986-292,Athens CH,Hard,32,C,19860929,275,101050
1986-292,Athens CH,Hard,32,C,19860929,276,101234
1986-292,Athens CH,Hard,32,C,19860929,277,100917
1986-292,Athens CH,Hard,32,C,19860929,278,101274
1986-292,Athens CH,Hard,32,C,19860929,279,100770
1986-292,Athens CH,Hard,32,C,19860929,280,100544
1986-292,Athens CH,Hard,32,C,19860929,281,100913
1986-292,Athens CH,Hard,32,C,19860929,282,100715
1986-292,Athens CH,Hard,32,C,19860929,283,100835
1986-292,Athens CH,Hard,32,C,19860929,284,100619
1986-292,Athens CH,Hard,32,C,19860929,285,101284
1986-292,Athens CH,Hard,32,C,19860929,286,101284
1986-292,Athens CH,Hard,32,C,19860929,287,101354
1986-292,Athens CH,Hard,32,C,19860929,288,100556
1986-292,Athens CH,Hard,32,C,19860929,289,101050
1986-292,Athens CH,Hard,32,C,19860929,290,101234
1986-292,Athens CH,Hard,32,C,19860929,291,100835
1986-292,Athens CH,Hard,32,C,19860929,292,101500
1986-292,Athens CH,Hard,32,C,19860929,293,100913
1986-292,Athens CH,Hard,32,C,19860929,294,101284
1986-292,Athens CH,Hard,32,C,19860929,295,101234
1986-292,Athens CH,Hard,32,C,19860929,296,100835
1986-292,Athens CH,Hard,32,C,19860929,297,101050
1986-292,Athens CH,Hard,32,C,19860929,298,101284
1986-292,Athens CH,Hard,32,C,19860929,299,100835
1986-292,Athens CH,Hard,32,C,19860929,300,101284
1986-767,Casablanca CH,Clay,32,C,19861013,270,100899
1986-767,Casablanca CH,Clay,32,C,19861013,271,101493
1986-767,Casablanca CH,Clay,32,C,19861013,272,100598
1986-767,Casablanca CH,Clay,32,C,19861013,273,101035
1986-767,Casablanca CH,Clay,32,C,19861013,274,101339
1986-767,Casablanca CH,Clay,32,C,19861013,275,100715
1986-767,Casablanca CH,Clay,32,C,19861013,276,106576
1986-767,Casablanca CH,Clay,32,C,19861013,277,100690
1986-767,Casablanca CH,Clay,32,C,19861013,278,101309
1986-767,Casablanca CH,Clay,32,C,19861013,279,100719
1986-767,Casablanca CH,Clay,32,C,19861013,280,100857
1986-767,Casablanca CH,Clay,32,C,19861013,281,101109
1986-767,Casablanca CH,Clay,32,C,19861013,282,101020
1986-767,Casablanca CH,Clay,32,C,19861013,283,100635
1986-767,Casablanca CH,Clay,32,C,19861013,284,101058
1986-767,Casablanca CH,Clay,32,C,19861013,285,101074
1986-767,Casablanca CH,Clay,32,C,19861013,286,101020
1986-767,Casablanca CH,Clay,32,C,19861013,287,106576
1986-767,Casablanca CH,Clay,32,C,19861013,288,101309
1986-767,Casablanca CH,Clay,32,C,19861013,289,100719
1986-767,Casablanca CH,Clay,32,C,19861013,290,100598
1986-767,Casablanca CH,Clay,32,C,19861013,291,101109
1986-767,Casablanca CH,Clay,32,C,19861013,292,100635
1986-767,Casablanca CH,Clay,32,C,19861013,293,100899
1986-767,Casablanca CH,Clay,32,C,19861013,294,101020
1986-767,Casablanca CH,Clay,32,C,19861013,295,106576
1986-767,Casablanca CH,Clay,32,C,19861013,296,100899
1986-767,Casablanca CH,Clay,32,C,19861013,297,101109
1986-767,Casablanca CH,Clay,32,C,19861013,298,101020
1986-767,Casablanca CH,Clay,32,C,19861013,299,100899
1986-767,Casablanca CH,Clay,32,C,19861013,300,101020
1986-361,Santiago CH,Clay,32,C,19861027,270,107085
1986-361,Santiago CH,Clay,32,C,19861027,271,100636
1986-361,Santiago CH,Clay,32,C,19861027,272,107626
1986-361,Santiago CH,Clay,32,C,19861027,273,101007
1986-361,Santiago CH,Clay,32,C,19861027,274,100417
1986-361,Santiago CH,Clay,32,C,19861027,275,101318
1986-361,Santiago CH,Clay,32,C,19861027,276,101686
1986-361,Santiago CH,Clay,32,C,19861027,277,100825
1986-361,Santiago CH,Clay,32,C,19861027,278,101243
1986-361,Santiago CH,Clay,32,C,19861027,279,100651
1986-361,Santiago CH,Clay,32,C,19861027,280,100518
1986-361,Santiago CH,Clay,32,C,19861027,281,100696
1986-361,Santiago CH,Clay,32,C,19861027,282,100799
1986-361,Santiago CH,Clay,32,C,19861027,283,100624
1986-361,Santiago CH,Clay,32,C,19861027,284,100635
1986-361,Santiago CH,Clay,32,C,19861027,285,100782
1986-361,Santiago CH,Clay,32,C,19861027,286,107085
1986-361,Santiago CH,Clay,32,C,19861027,287,100624
1986-361,Santiago CH,Clay,32,C,19861027,288,100825
1986-361,Santiago CH,Clay,32,C,19861027,289,100696
1986-361,Santiago CH,Clay,32,C,19861027,290,100651
1986-361,Santiago CH,Clay,32,C,19861027,291,100417
1986-361,Santiago CH,Clay,32,C,19861027,292,100635
1986-361,Santiago CH,Clay,32,C,19861027,293,100782
1986-361,Santiago CH,Clay,32,C,19861027,294,100624
1986-361,Santiago CH,Clay,32,C,19861027,295,100825
1986-361,Santiago CH,Clay,32,C,19861027,296,100635
1986-361,Santiago CH,Clay,32,C,19861027,297,100782
1986-361,Santiago CH,Clay,32,C,19861027,298,100635
1986-361,Santiago CH,Clay,32,C,19861027,299,100782
1986-361,Santiago CH,Clay,32,C,19861027,300,100782
1986-374,Fukuoka CH,Hard,32,C,19861029,270,100569
1986-374,Fukuoka CH,Hard,32,C,19861029,271,100871
1986-374,Fukuoka CH,Hard,32,C,19861029,272,101295
1986-374,Fukuoka CH,Hard,32,C,19861029,273,100564
1986-374,Fukuoka CH,Hard,32,C,19861029,274,100618
1986-374,Fukuoka CH,Hard,32,C,19861029,275,100761
1986-374,Fukuoka CH,Hard,32,C,19861029,276,100649
1986-374,Fukuoka CH,Hard,32,C,19861029,277,100810
1986-374,Fukuoka CH,Hard,32,C,19861029,278,101340
1986-374,Fukuoka CH,Hard,32,C,19861029,279,100664
1986-374,Fukuoka CH,Hard,32,C,19861029,280,100489
1986-374,Fukuoka CH,Hard,32,C,19861029,281,101216
1986-374,Fukuoka CH,Hard,32,C,19861029,282,100587
1986-374,Fukuoka CH,Hard,32,C,19861029,283,101050
1986-374,Fukuoka CH,Hard,32,C,19861029,284,101026
1986-374,Fukuoka CH,Hard,32,C,19861029,285,100831
1986-374,Fukuoka CH,Hard,32,C,19861029,286,100831
1986-374,Fukuoka CH,Hard,32,C,19861029,287,100810
1986-374,Fukuoka CH,Hard,32,C,19861029,288,100618
1986-374,Fukuoka CH,Hard,32,C,19861029,289,100761
1986-374,Fukuoka CH,Hard,32,C,19861029,290,101216
1986-374,Fukuoka CH,Hard,32,C,19861029,291,100587
1986-374,Fukuoka CH,Hard,32,C,19861029,292,100564
1986-374,Fukuoka CH,Hard,32,C,19861029,293,101026
1986-374,Fukuoka CH,Hard,32,C,19861029,294,100618
1986-374,Fukuoka CH,Hard,32,C,19861029,295,100564
1986-374,Fukuoka CH,Hard,32,C,19861029,296,100587
1986-374,Fukuoka CH,Hard,32,C,19861029,297,101026
1986-374,Fukuoka CH,Hard,32,C,19861029,298,100618
1986-374,Fukuoka CH,Hard,32,C,19861029,299,101026
1986-374,Fukuoka CH,Hard,32,C,19861029,300,100618
1986-237,Sao Paulo CH,Hard,32,C,19861103,270,100639
1986-237,Sao Paulo CH,Hard,32,C,19861103,271,100727
1986-237,Sao Paulo CH,Hard,32,C,19861103,272,101174
1986-237,Sao Paulo CH,Hard,32,C,19861103,273,101387
1986-237,Sao Paulo CH,Hard,32,C,19861103,274,101237
1986-237,Sao Paulo CH,Hard,32,C,19861103,275,100398
1986-237,Sao Paulo CH,Hard,32,C,19861103,276,101309
1986-237,Sao Paulo CH,Hard,32,C,19861103,277,100917
1986-237,Sao Paulo CH,Hard,32,C,19861103,278,100460
1986-237,Sao Paulo CH,Hard,32,C,19861103,279,100954
1986-237,Sao Paulo CH,Hard,32,C,19861103,280,100635
1986-237,Sao Paulo CH,Hard,32,C,19861103,281,101119
1986-237,Sao Paulo CH,Hard,32,C,19861103,282,101391
1986-237,Sao Paulo CH,Hard,32,C,19861103,283,100905
1986-237,Sao Paulo CH,Hard,32,C,19861103,284,100986
1986-237,Sao Paulo CH,Hard,32,C,19861103,285,100607
1986-237,Sao Paulo CH,Hard,32,C,19861103,286,101174
1986-237,Sao Paulo CH,Hard,32,C,19861103,287,100460
1986-237,Sao Paulo CH,Hard,32,C,19861103,288,100986
1986-237,Sao Paulo CH,Hard,32,C,19861103,289,100954
1986-237,Sao Paulo CH,Hard,32,C,19861103,290,101309
1986-237,Sao Paulo CH,Hard,32,C,19861103,291,101119
1986-237,Sao Paulo CH,Hard,32,C,19861103,292,100905
1986-237,Sao Paulo CH,Hard,32,C,19861103,293,100607
1986-237,Sao Paulo CH,Hard,32,C,19861103,294,101309
1986-237,Sao Paulo CH,Hard,32,C,19861103,295,100954
1986-237,Sao Paulo CH,Hard,32,C,19861103,296,101119
1986-237,Sao Paulo CH,Hard,32,C,19861103,297,100607
1986-237,Sao Paulo CH,Hard,32,C,19861103,298,100954
1986-237,Sao Paulo CH,Hard,32,C,19861103,299,100607
1986-237,Sao Paulo CH,Hard,32,C,19861103,300,100607
1986-238,Helsinki CH,Carpet,32,C,19861110,270,100691
1986-238,Helsinki CH,Carpet,32,C,19861110,271,101284
1986-238,Helsinki CH,Carpet,32,C,19861110,272,101264
1986-238,Helsinki CH,Carpet,32,C,19861110,273,101126
1986-238,Helsinki CH,Carpet,32,C,19861110,274,100598
1986-238,Helsinki CH,Carpet,32,C,19861110,275,100490
1986-238,Helsinki CH,Carpet,32,C,19861110,276,100596
1986-238,Helsinki CH,Carpet,32,C,19861110,277,100835
1986-238,Helsinki CH,Carpet,32,C,19861110,278,101022
1986-238,Helsinki CH,Carpet,32,C,19861110,279,100770
1986-238,Helsinki CH,Carpet,32,C,19861110,280,101050
1986-238,Helsinki CH,Carpet,32,C,19861110,281,101251
1986-238,Helsinki CH,Carpet,32,C,19861110,282,101234
1986-238,Helsinki CH,Carpet,32,C,19861110,283,100967
1986-238,Helsinki CH,Carpet,32,C,19861110,284,100913
1986-238,Helsinki CH,Carpet,32,C,19861110,285,101377
1986-238,Helsinki CH,Carpet,32,C,19861110,286,101234
1986-238,Helsinki CH,Carpet,32,C,19861110,287,100913
1986-238,Helsinki CH,Carpet,32,C,19861110,288,101022
1986-238,Helsinki CH,Carpet,32,C,19861110,289,101264
1986-238,Helsinki CH,Carpet,32,C,19861110,290,100490
1986-238,Helsinki CH,Carpet,32,C,19861110,291,101251
1986-238,Helsinki CH,Carpet,32,C,19861110,292,101284
1986-238,Helsinki CH,Carpet,32,C,19861110,293,100598
1986-238,Helsinki CH,Carpet,32,C,19861110,294,100598
1986-238,Helsinki CH,Carpet,32,C,19861110,295,100490
1986-238,Helsinki CH,Carpet,32,C,19861110,296,100913
1986-238,Helsinki CH,Carpet,32,C,19861110,297,101234
1986-238,Helsinki CH,Carpet,32,C,19861110,298,100490
1986-238,Helsinki CH,Carpet,32,C,19861110,299,101234
1986-238,Helsinki CH,Carpet,32,C,19861110,300,101234
1986-382,Benin City CH,Hard,32,C,19861117,270,100681
1986-382,Benin City CH,Hard,32,C,19861117,271,100914
1986-382,Benin City CH,Hard,32,C,19861117,272,100643
1986-382,Benin City CH,Hard,32,C,19861117,273,100966
1986-382,Benin City CH,Hard,32,C,19861117,274,100955
1986-382,Benin City CH,Hard,32,C,19861117,275,100877
1986-382,Benin City CH,Hard,32,C,19861117,276,100978
1986-382,Benin City CH,Hard,32,C,19861117,277,101034
1986-382,Benin City CH,Hard,32,C,19861117,278,100648
1986-382,Benin City CH,Hard,32,C,19861117,279,100544
1986-382,Benin City CH,Hard,32,C,19861117,280,101126
1986-382,Benin City CH,Hard,32,C,19861117,281,100795
1986-382,Benin City CH,Hard,32,C,19861117,282,100715
1986-382,Benin City CH,Hard,32,C,19861117,283,100669
1986-382,Benin City CH,Hard,32,C,19861117,284,100449
1986-382,Benin City CH,Hard,32,C,19861117,285,100553
1986-382,Benin City CH,Hard,32,C,19861117,286,100955
1986-382,Benin City CH,Hard,32,C,19861117,287,100978
1986-382,Benin City CH,Hard,32,C,19861117,288,100544
1986-382,Benin City CH,Hard,32,C,19861117,289,100648
1986-382,Benin City CH,Hard,32,C,19861117,290,100715
1986-382,Benin City CH,Hard,32,C,19861117,291,100669
1986-382,Benin City CH,Hard,32,C,19861117,292,100449
1986-382,Benin City CH,Hard,32,C,19861117,293,100553
1986-382,Benin City CH,Hard,32,C,19861117,294,100544
1986-382,Benin City CH,Hard,32,C,19861117,295,100715
1986-382,Benin City CH,Hard,32,C,19861117,296,100978
1986-382,Benin City CH,Hard,32,C,19861117,297,100553
1986-382,Benin City CH,Hard,32,C,19861117,298,100544
1986-382,Benin City CH,Hard,32,C,19861117,299,100553
1986-382,Benin City CH,Hard,32,C,19861117,300,100553
1986-239,Bergen CH,Carpet,32,C,19861117,270,101251
1986-239,Bergen CH,Carpet,32,C,19861117,271,100770
1986-239,Bergen CH,Carpet,32,C,19861117,272,101050
1986-239,Bergen CH,Carpet,32,C,19861117,273,100974
1986-239,Bergen CH,Carpet,32,C,19861117,274,101268
1986-239,Bergen CH,Carpet,32,C,19861117,275,100362
1986-239,Bergen CH,Carpet,32,C,19861117,276,101205
1986-239,Bergen CH,Carpet,32,C,19861117,277,100595
1986-239,Bergen CH,Carpet,32,C,19861117,278,101035
1986-239,Bergen CH,Carpet,32,C,19861117,279,100899
1986-239,Bergen CH,Carpet,32,C,19861117,280,100967
1986-239,Bergen CH,Carpet,32,C,19861117,281,101226
1986-239,Bergen CH,Carpet,32,C,19861117,282,101066
1986-239,Bergen CH,Carpet,32,C,19861117,283,100913
1986-239,Bergen CH,Carpet,32,C,19861117,284,100829
1986-239,Bergen CH,Carpet,32,C,19861117,285,101216
1986-239,Bergen CH,Carpet,32,C,19861117,286,100913
1986-239,Bergen CH,Carpet,32,C,19861117,287,100595
1986-239,Bergen CH,Carpet,32,C,19861117,288,101035
1986-239,Bergen CH,Carpet,32,C,19861117,289,101050
1986-239,Bergen CH,Carpet,32,C,19861117,290,100967
1986-239,Bergen CH,Carpet,32,C,19861117,291,101226
1986-239,Bergen CH,Carpet,32,C,19861117,292,100362
1986-239,Bergen CH,Carpet,32,C,19861117,293,100829
1986-239,Bergen CH,Carpet,32,C,19861117,294,101050
1986-239,Bergen CH,Carpet,32,C,19861117,295,100362
1986-239,Bergen CH,Carpet,32,C,19861117,296,100913
1986-239,Bergen CH,Carpet,32,C,19861117,297,100829
1986-239,Bergen CH,Carpet,32,C,19861117,298,100362
1986-239,Bergen CH,Carpet,32,C,19861117,299,100829
1986-239,Bergen CH,Carpet,32,C,19861117,300,100362
1986-378,Lagos CH,Hard,32,C,19861124,270,107707
1986-378,Lagos CH,Hard,32,C,19861124,271,100307
1986-378,Lagos CH,Hard,32,C,19861124,272,100589
1986-378,Lagos CH,Hard,32,C,19861124,273,100781
1986-378,Lagos CH,Hard,32,C,19861124,274,100643
1986-378,Lagos CH,Hard,32,C,19861124,275,100795
1986-378,Lagos CH,Hard,32,C,19861124,276,101325
1986-378,Lagos CH,Hard,32,C,19861124,277,108411
1986-378,Lagos CH,Hard,32,C,19861124,278,100877
1986-378,Lagos CH,Hard,32,C,19861124,279,100978
1986-378,Lagos CH,Hard,32,C,19861124,280,100544
1986-378,Lagos CH,Hard,32,C,19861124,281,100794
1986-378,Lagos CH,Hard,32,C,19861124,282,100955
1986-378,Lagos CH,Hard,32,C,19861124,283,100669
1986-378,Lagos CH,Hard,32,C,19861124,284,100914
1986-378,Lagos CH,Hard,32,C,19861124,285,100553
1986-378,Lagos CH,Hard,32,C,19861124,286,100914
1986-378,Lagos CH,Hard,32,C,19861124,287,100955
1986-378,Lagos CH,Hard,32,C,19861124,288,100877
1986-378,Lagos CH,Hard,32,C,19861124,289,100978
1986-378,Lagos CH,Hard,32,C,19861124,290,100544
1986-378,Lagos CH,Hard,32,C,19861124,291,100794
1986-378,Lagos CH,Hard,32,C,19861124,292,100781
1986-378,Lagos CH,Hard,32,C,19861124,293,100553
1986-378,Lagos CH,Hard,32,C,19861124,294,100978
1986-378,Lagos CH,Hard,32,C,19861124,295,100544
1986-378,Lagos CH,Hard,32,C,19861124,296,100794
1986-378,Lagos CH,Hard,32,C,19861124,297,100553
1986-378,Lagos CH,Hard,32,C,19861124,298,100978
1986-378,Lagos CH,Hard,32,C,19861124,299,100553
1986-378,Lagos CH,Hard,32,C,19861124,300,100553
1986-377,Valkenswaard CH,Carpet,32,C,19861124,270,101134
1986-377,Valkenswaard CH,Carpet,32,C,19861124,271,100930
1986-377,Valkenswaard CH,Carpet,32,C,19861124,272,100645
1986-377,Valkenswaard CH,Carpet,32,C,19861124,273,100995
1986-377,Valkenswaard CH,Carpet,32,C,19861124,274,100974
1986-377,Valkenswaard CH,Carpet,32,C,19861124,275,101350
1986-377,Valkenswaard CH,Carpet,32,C,19861124,276,100596
1986-377,Valkenswaard CH,Carpet,32,C,19861124,277,100835
1986-377,Valkenswaard CH,Carpet,32,C,19861124,278,101234
1986-377,Valkenswaard CH,Carpet,32,C,19861124,279,101205
1986-377,Valkenswaard CH,Carpet,32,C,19861124,280,100598
1986-377,Valkenswaard CH,Carpet,32,C,19861124,281,101358
1986-377,Valkenswaard CH,Carpet,32,C,19861124,282,100770
1986-377,Valkenswaard CH,Carpet,32,C,19861124,283,101332
1986-377,Valkenswaard CH,Carpet,32,C,19861124,284,101035
1986-377,Valkenswaard CH,Carpet,32,C,19861124,285,100628
1986-377,Valkenswaard CH,Carpet,32,C,19861124,286,101205
1986-377,Valkenswaard CH,Carpet,32,C,19861124,287,100645
1986-377,Valkenswaard CH,Carpet,32,C,19861124,288,100598
1986-377,Valkenswaard CH,Carpet,32,C,19861124,289,101134
1986-377,Valkenswaard CH,Carpet,32,C,19861124,290,100770
1986-377,Valkenswaard CH,Carpet,32,C,19861124,291,101332
1986-377,Valkenswaard CH,Carpet,32,C,19861124,292,100835
1986-377,Valkenswaard CH,Carpet,32,C,19861124,293,101350
1986-377,Valkenswaard CH,Carpet,32,C,19861124,294,100645
1986-377,Valkenswaard CH,Carpet,32,C,19861124,295,101205
1986-377,Valkenswaard CH,Carpet,32,C,19861124,296,100598
1986-377,Valkenswaard CH,Carpet,32,C,19861124,297,101332
1986-377,Valkenswaard CH,Carpet,32,C,19861124,298,100598
1986-377,Valkenswaard CH,Carpet,32,C,19861124,299,100645
1986-377,Valkenswaard CH,Carpet,32,C,19861124,300,100645
1986-384,Ikeja-Lagos CH,Clay,32,C,19861201,270,107707
1986-384,Ikeja-Lagos CH,Clay,32,C,19861201,271,100307
1986-384,Ikeja-Lagos CH,Clay,32,C,19861201,272,100589
1986-384,Ikeja-Lagos CH,Clay,32,C,19861201,273,100888
1986-384,Ikeja-Lagos CH,Clay,32,C,19861201,274,101634
1986-384,Ikeja-Lagos CH,Clay,32,C,19861201,275,100426
1986-384,Ikeja-Lagos CH,Clay,32,C,19861201,276,101325
1986-384,Ikeja-Lagos CH,Clay,32,C,19861201,277,100955
1986-384,Ikeja-Lagos CH,Clay,32,C,19861201,278,100781
1986-384,Ikeja-Lagos CH,Clay,32,C,19861201,279,100966
1986-384,Ikeja-Lagos CH,Clay,32,C,19861201,280,100795
1986-384,Ikeja-Lagos CH,Clay,32,C,19861201,281,100794
1986-384,Ikeja-Lagos CH,Clay,32,C,19861201,282,100544
1986-384,Ikeja-Lagos CH,Clay,32,C,19861201,283,100872
1986-384,Ikeja-Lagos CH,Clay,32,C,19861201,284,100449
1986-384,Ikeja-Lagos CH,Clay,32,C,19861201,285,100553
1986-384,Ikeja-Lagos CH,Clay,32,C,19861201,286,100307
1986-384,Ikeja-Lagos CH,Clay,32,C,19861201,287,101325
1986-384,Ikeja-Lagos CH,Clay,32,C,19861201,288,100781
1986-384,Ikeja-Lagos CH,Clay,32,C,19861201,289,100966
1986-384,Ikeja-Lagos CH,Clay,32,C,19861201,290,100794
1986-384,Ikeja-Lagos CH,Clay,32,C,19861201,291,100544
1986-384,Ikeja-Lagos CH,Clay,32,C,19861201,292,100449
1986-384,Ikeja-Lagos CH,Clay,32,C,19861201,293,100553
1986-384,Ikeja-Lagos CH,Clay,32,C,19861201,294,100794
1986-384,Ikeja-Lagos CH,Clay,32,C,19861201,295,101325
1986-384,Ikeja-Lagos CH,Clay,32,C,19861201,296,100449
1986-384,Ikeja-Lagos CH,Clay,32,C,19861201,297,100781
1986-384,Ikeja-Lagos CH,Clay,32,C,19861201,298,100781
1986-384,Ikeja-Lagos CH,Clay,32,C,19861201,299,100449
1986-384,Ikeja-Lagos CH,Clay,32,C,19861201,300,100449
1986-299,Rio De Janeiro CH,Hard,32,C,19861201,270,100751
1986-299,Rio De Janeiro CH,Hard,32,C,19861201,271,101174
1986-299,Rio De Janeiro CH,Hard,32,C,19861201,272,100686
1986-299,Rio De Janeiro CH,Hard,32,C,19861201,273,101237
1986-299,Rio De Janeiro CH,Hard,32,C,19861201,274,100548
1986-299,Rio De Janeiro CH,Hard,32,C,19861201,275,100892
1986-299,Rio De Janeiro CH,Hard,32,C,19861201,276,101483
1986-299,Rio De Janeiro CH,Hard,32,C,19861201,277,101003
1986-299,Rio De Janeiro CH,Hard,32,C,19861201,278,101076
1986-299,Rio De Janeiro CH,Hard,32,C,19861201,279,100221
1986-299,Rio De Janeiro CH,Hard,32,C,19861201,280,100954
1986-299,Rio De Janeiro CH,Hard,32,C,19861201,281,100635
1986-299,Rio De Janeiro CH,Hard,32,C,19861201,282,101318
1986-299,Rio De Janeiro CH,Hard,32,C,19861201,283,100607
1986-299,Rio De Janeiro CH,Hard,32,C,19861201,284,101179
1986-299,Rio De Janeiro CH,Hard,32,C,19861201,285,100652
1986-299,Rio De Janeiro CH,Hard,32,C,19861201,286,101237
1986-299,Rio De Janeiro CH,Hard,32,C,19861201,287,100892
1986-299,Rio De Janeiro CH,Hard,32,C,19861201,288,101318
1986-299,Rio De Janeiro CH,Hard,32,C,19861201,289,100221
1986-299,Rio De Janeiro CH,Hard,32,C,19861201,290,100954
1986-299,Rio De Janeiro CH,Hard,32,C,19861201,291,100548
1986-299,Rio De Janeiro CH,Hard,32,C,19861201,292,100751
1986-299,Rio De Janeiro CH,Hard,32,C,19861201,293,100652
1986-299,Rio De Janeiro CH,Hard,32,C,19861201,294,100548
1986-299,Rio De Janeiro CH,Hard,32,C,19861201,295,100221
1986-299,Rio De Janeiro CH,Hard,32,C,19861201,296,100751
1986-299,Rio De Janeiro CH,Hard,32,C,19861201,297,100652
1986-299,Rio De Janeiro CH,Hard,32,C,19861201,298,100221
1986-299,Rio De Janeiro CH,Hard,32,C,19861201,299,100652
1986-299,Rio De Janeiro CH,Hard,32,C,19861201,300,100652
