tourney_id,tourney_name,surface,draw_size,tourney_level,tourney_date,match_num,winner1_id
2007-1536,Madrid Masters,Hard,48,M,20071015,300,103184
2007-1536,Madrid Masters,Hard,48,M,20071015,299,103184
2007-1536,Madrid Masters,Hard,48,M,20071015,298,103586
2007-1536,Madrid Masters,Hard,48,M,20071015,297,103184
2007-1536,Madrid Masters,Hard,48,M,20071015,296,102035
2007-1536,Madrid Masters,Hard,48,M,20071015,295,103084
2007-1536,Madrid Masters,Hard,48,M,20071015,294,103586
2007-1536,Madrid Masters,Hard,48,M,20071015,293,103184
2007-1536,Madrid Masters,Hard,48,M,20071015,292,102979
2007-1536,Madrid Masters,Hard,48,M,20071015,291,103084
2007-1536,Madrid Masters,Hard,48,M,20071015,290,102035
2007-1536,Madrid Masters,Hard,48,M,20071015,289,102388
2007-1536,Madrid Masters,Hard,48,M,20071015,288,102318
2007-1536,Madrid Masters,Hard,48,M,20071015,287,103459
2007-1536,Madrid Masters,Hard,48,M,20071015,286,103586
2007-1536,Madrid Masters,Hard,48,M,20071015,285,104597
2007-1536,Madrid Masters,Hard,48,M,20071015,284,103084
2007-1536,Madrid Masters,Hard,48,M,20071015,283,102886
2007-1536,Madrid Masters,Hard,48,M,20071015,282,102979
2007-1536,Madrid Masters,Hard,48,M,20071015,281,103586
2007-1536,Madrid Masters,Hard,48,M,20071015,280,103602
2007-1536,Madrid Masters,Hard,48,M,20071015,279,103333
2007-1536,Madrid Masters,Hard,48,M,20071015,278,103459
2007-1720,Bangkok,Hard,32,A,20070924,300,103920
2007-1720,Bangkok,Hard,32,A,20070924,299,103566
2007-1720,Bangkok,Hard,32,A,20070924,298,103920
2007-1720,Bangkok,Hard,32,A,20070924,297,102434
2007-1720,Bangkok,Hard,32,A,20070924,296,102659
2007-1720,Bangkok,Hard,32,A,20070924,295,103566
2007-1720,Bangkok,Hard,32,A,20070924,294,103920
2007-1720,Bangkok,Hard,32,A,20070924,293,102968
2007-1720,Bangkok,Hard,32,A,20070924,292,102979
2007-1720,Bangkok,Hard,32,A,20070924,291,103566
2007-1720,Bangkok,Hard,32,A,20070924,290,103920
2007-1720,Bangkok,Hard,32,A,20070924,289,103794
2007-1720,Bangkok,Hard,32,A,20070924,288,102659
2007-1720,Bangkok,Hard,32,A,20070924,287,102664
2007-1720,Bangkok,Hard,32,A,20070924,286,102434
2007-2276,Zagreb,Carpet,32,A,20070129,300,102306
2007-2276,Zagreb,Carpet,32,A,20070129,299,102306
2007-2276,Zagreb,Carpet,32,A,20070129,298,102886
2007-2276,Zagreb,Carpet,32,A,20070129,297,102968
2007-2276,Zagreb,Carpet,32,A,20070129,296,102563
2007-2276,Zagreb,Carpet,32,A,20070129,295,102306
2007-2276,Zagreb,Carpet,32,A,20070129,294,102886
2007-2276,Zagreb,Carpet,32,A,20070129,293,102968
2007-2276,Zagreb,Carpet,32,A,20070129,292,102388
2007-2276,Zagreb,Carpet,32,A,20070129,291,103254
2007-2276,Zagreb,Carpet,32,A,20070129,290,102886
2007-2276,Zagreb,Carpet,32,A,20070129,289,105227
2007-2276,Zagreb,Carpet,32,A,20070129,288,102563
2007-2276,Zagreb,Carpet,32,A,20070129,287,103459
2007-2276,Zagreb,Carpet,32,A,20070129,286,102306
2007-301,Auckland,Hard,32,A,20070108,300,102979
2007-301,Auckland,Hard,32,A,20070108,299,102388
2007-301,Auckland,Hard,32,A,20070108,298,102979
2007-301,Auckland,Hard,32,A,20070108,297,102388
2007-301,Auckland,Hard,32,A,20070108,296,102979
2007-301,Auckland,Hard,32,A,20070108,295,103632
2007-301,Auckland,Hard,32,A,20070108,294,102664
2007-301,Auckland,Hard,32,A,20070108,293,102388
2007-301,Auckland,Hard,32,A,20070108,292,102979
2007-301,Auckland,Hard,32,A,20070108,291,104597
2007-301,Auckland,Hard,32,A,20070108,290,102664
2007-301,Auckland,Hard,32,A,20070108,289,103110
2007-301,Auckland,Hard,32,A,20070108,288,103632
2007-301,Auckland,Hard,32,A,20070108,287,104368
2007-301,Auckland,Hard,32,A,20070108,286,103694
2007-306,Poertschach,Clay,32,A,20070520,300,102388
2007-306,Poertschach,Clay,32,A,20070520,299,102388
2007-306,Poertschach,Clay,32,A,20070520,298,102904
2007-306,Poertschach,Clay,32,A,20070520,297,102388
2007-306,Poertschach,Clay,32,A,20070520,296,102984
2007-306,Poertschach,Clay,32,A,20070520,295,104025
2007-306,Poertschach,Clay,32,A,20070520,294,102904
2007-306,Poertschach,Clay,32,A,20070520,293,102388
2007-306,Poertschach,Clay,32,A,20070520,292,102886
2007-306,Poertschach,Clay,32,A,20070520,291,103254
2007-306,Poertschach,Clay,32,A,20070520,290,103780
2007-306,Poertschach,Clay,32,A,20070520,289,104025
2007-306,Poertschach,Clay,32,A,20070520,288,102904
2007-306,Poertschach,Clay,32,A,20070520,287,102984
2007-306,Poertschach,Clay,32,A,20070520,286,102905
2007-308,Munich,Clay,32,A,20070430,300,104259
2007-308,Munich,Clay,32,A,20070430,299,104225
2007-308,Munich,Clay,32,A,20070430,298,104259
2007-308,Munich,Clay,32,A,20070430,297,102405
2007-308,Munich,Clay,32,A,20070430,296,104225
2007-308,Munich,Clay,32,A,20070430,295,104259
2007-308,Munich,Clay,32,A,20070430,294,102905
2007-308,Munich,Clay,32,A,20070430,293,104676
2007-308,Munich,Clay,32,A,20070430,292,102306
2007-308,Munich,Clay,32,A,20070430,291,104259
2007-308,Munich,Clay,32,A,20070430,290,104225
2007-308,Munich,Clay,32,A,20070430,289,104571
2007-308,Munich,Clay,32,A,20070430,288,102405
2007-308,Munich,Clay,32,A,20070430,287,103096
2007-308,Munich,Clay,32,A,20070430,286,102905
2007-311,Queen's Club,Grass,56,A,20070611,300,101956
2007-311,Queen's Club,Grass,56,A,20070611,299,103184
2007-311,Queen's Club,Grass,56,A,20070611,298,101956
2007-311,Queen's Club,Grass,56,A,20070611,297,103184
2007-311,Queen's Club,Grass,56,A,20070611,296,102035
2007-311,Queen's Club,Grass,56,A,20070611,295,103080
2007-311,Queen's Club,Grass,56,A,20070611,294,101956
2007-311,Queen's Club,Grass,56,A,20070611,293,103184
2007-311,Queen's Club,Grass,56,A,20070611,292,102035
2007-311,Queen's Club,Grass,56,A,20070611,291,103080
2007-311,Queen's Club,Grass,56,A,20070611,290,101956
2007-311,Queen's Club,Grass,56,A,20070611,289,103711
2007-311,Queen's Club,Grass,56,A,20070611,288,103780
2007-311,Queen's Club,Grass,56,A,20070611,287,102450
2007-311,Queen's Club,Grass,56,A,20070611,286,102925
2007-311,Queen's Club,Grass,56,A,20070611,285,103898
2007-311,Queen's Club,Grass,56,A,20070611,284,102405
2007-311,Queen's Club,Grass,56,A,20070611,283,104372
2007-311,Queen's Club,Grass,56,A,20070611,282,103780
2007-311,Queen's Club,Grass,56,A,20070611,281,102979
2007-311,Queen's Club,Grass,56,A,20070611,280,105223
2007-311,Queen's Club,Grass,56,A,20070611,279,102965
2007-311,Queen's Club,Grass,56,A,20070611,278,102450
2007-314,Gstaad,Clay,32,A,20070709,300,102886
2007-314,Gstaad,Clay,32,A,20070709,299,102886
2007-314,Gstaad,Clay,32,A,20070709,298,102967
2007-314,Gstaad,Clay,32,A,20070709,297,102886
2007-314,Gstaad,Clay,32,A,20070709,296,103115
2007-314,Gstaad,Clay,32,A,20070709,295,102967
2007-314,Gstaad,Clay,32,A,20070709,294,102839
2007-314,Gstaad,Clay,32,A,20070709,293,102886
2007-314,Gstaad,Clay,32,A,20070709,292,102967
2007-314,Gstaad,Clay,32,A,20070709,291,103115
2007-314,Gstaad,Clay,32,A,20070709,290,102905
2007-314,Gstaad,Clay,32,A,20070709,289,102381
2007-314,Gstaad,Clay,32,A,20070709,288,103356
2007-314,Gstaad,Clay,32,A,20070709,287,102839
2007-314,Gstaad,Clay,32,A,20070709,286,103373
2007-315,Newport,Grass,32,A,20070709,300,103459
2007-315,Newport,Grass,32,A,20070709,299,103459
2007-315,Newport,Grass,32,A,20070709,298,103516
2007-315,Newport,Grass,32,A,20070709,297,103516
2007-315,Newport,Grass,32,A,20070709,296,103459
2007-315,Newport,Grass,32,A,20070709,295,103822
2007-315,Newport,Grass,32,A,20070709,294,103920
2007-315,Newport,Grass,32,A,20070709,293,103325
2007-315,Newport,Grass,32,A,20070709,292,103459
2007-315,Newport,Grass,32,A,20070709,291,103920
2007-315,Newport,Grass,32,A,20070709,290,103780
2007-315,Newport,Grass,32,A,20070709,289,102965
2007-315,Newport,Grass,32,A,20070709,288,103888
2007-315,Newport,Grass,32,A,20070709,287,103516
2007-315,Newport,Grass,32,A,20070709,286,103822
2007-316,Bastad,Clay,32,A,20070709,300,102388
2007-316,Bastad,Clay,32,A,20070709,299,102388
2007-316,Bastad,Clay,32,A,20070709,298,102984
2007-316,Bastad,Clay,32,A,20070709,297,102388
2007-316,Bastad,Clay,32,A,20070709,296,102984
2007-316,Bastad,Clay,32,A,20070709,295,104198
2007-316,Bastad,Clay,32,A,20070709,294,102035
2007-316,Bastad,Clay,32,A,20070709,293,102388
2007-316,Bastad,Clay,32,A,20070709,292,102984
2007-316,Bastad,Clay,32,A,20070709,291,102963
2007-316,Bastad,Clay,32,A,20070709,290,102035
2007-316,Bastad,Clay,32,A,20070709,289,102494
2007-316,Bastad,Clay,32,A,20070709,288,104122
2007-316,Bastad,Clay,32,A,20070709,287,103540
2007-316,Bastad,Clay,32,A,20070709,286,104198
2007-317,Amersfoort,Clay,32,A,20070716,300,103976
2007-317,Amersfoort,Clay,32,A,20070716,299,103976
2007-317,Amersfoort,Clay,32,A,20070716,298,104898
2007-317,Amersfoort,Clay,32,A,20070716,297,103103
2007-317,Amersfoort,Clay,32,A,20070716,296,103976
2007-317,Amersfoort,Clay,32,A,20070716,295,102860
2007-317,Amersfoort,Clay,32,A,20070716,294,104898
2007-317,Amersfoort,Clay,32,A,20070716,293,103812
2007-317,Amersfoort,Clay,32,A,20070716,292,103653
2007-317,Amersfoort,Clay,32,A,20070716,291,103656
2007-317,Amersfoort,Clay,32,A,20070716,290,105217
2007-317,Amersfoort,Clay,32,A,20070716,289,103976
2007-317,Amersfoort,Clay,32,A,20070716,288,102860
2007-317,Amersfoort,Clay,32,A,20070716,287,104898
2007-317,Amersfoort,Clay,32,A,20070716,286,103103
2007-319,Kitzbuhel,Clay,48,A,20070723,300,103632
2007-319,Kitzbuhel,Clay,48,A,20070723,299,103632
2007-319,Kitzbuhel,Clay,48,A,20070723,298,102494
2007-319,Kitzbuhel,Clay,48,A,20070723,297,102388
2007-319,Kitzbuhel,Clay,48,A,20070723,296,104597
2007-319,Kitzbuhel,Clay,48,A,20070723,295,102494
2007-319,Kitzbuhel,Clay,48,A,20070723,294,103632
2007-319,Kitzbuhel,Clay,48,A,20070723,293,102388
2007-319,Kitzbuhel,Clay,48,A,20070723,292,102664
2007-319,Kitzbuhel,Clay,48,A,20070723,291,102886
2007-319,Kitzbuhel,Clay,48,A,20070723,290,102984
2007-319,Kitzbuhel,Clay,48,A,20070723,289,104597
2007-319,Kitzbuhel,Clay,48,A,20070723,288,102494
2007-319,Kitzbuhel,Clay,48,A,20070723,287,102860
2007-319,Kitzbuhel,Clay,48,A,20070723,286,103632
2007-321,Stuttgart,Clay,32,A,20070716,300,102886
2007-321,Stuttgart,Clay,32,A,20070716,299,102886
2007-321,Stuttgart,Clay,32,A,20070716,298,104198
2007-321,Stuttgart,Clay,32,A,20070716,297,104198
2007-321,Stuttgart,Clay,32,A,20070716,296,102318
2007-321,Stuttgart,Clay,32,A,20070716,295,104076
2007-321,Stuttgart,Clay,32,A,20070716,294,102886
2007-321,Stuttgart,Clay,32,A,20070716,293,102388
2007-321,Stuttgart,Clay,32,A,20070716,292,102318
2007-321,Stuttgart,Clay,32,A,20070716,291,102984
2007-321,Stuttgart,Clay,32,A,20070716,290,102905
2007-321,Stuttgart,Clay,32,A,20070716,289,104076
2007-321,Stuttgart,Clay,32,A,20070716,288,104676
2007-321,Stuttgart,Clay,32,A,20070716,287,102886
2007-321,Stuttgart,Clay,32,A,20070716,286,104198
2007-328,Basel,Hard,32,A,20071022,300,103184
2007-328,Basel,Hard,32,A,20071022,299,103184
2007-328,Basel,Hard,32,A,20071022,298,103484
2007-328,Basel,Hard,32,A,20071022,297,103184
2007-328,Basel,Hard,32,A,20071022,296,103080
2007-328,Basel,Hard,32,A,20071022,295,104571
2007-328,Basel,Hard,32,A,20071022,294,103484
2007-328,Basel,Hard,32,A,20071022,293,103184
2007-328,Basel,Hard,32,A,20071022,292,103080
2007-328,Basel,Hard,32,A,20071022,291,103484
2007-328,Basel,Hard,32,A,20071022,290,104571
2007-328,Basel,Hard,32,A,20071022,289,103254
2007-328,Basel,Hard,32,A,20071022,288,102860
2007-328,Basel,Hard,32,A,20071022,287,103084
2007-328,Basel,Hard,32,A,20071022,286,102963
2007-329,Tokyo,Hard,48,A,20071001,300,103459
2007-329,Tokyo,Hard,48,A,20071001,299,103459
2007-329,Tokyo,Hard,48,A,20071001,298,104433
2007-329,Tokyo,Hard,48,A,20071001,297,103470
2007-329,Tokyo,Hard,48,A,20071001,296,102659
2007-329,Tokyo,Hard,48,A,20071001,295,104433
2007-329,Tokyo,Hard,48,A,20071001,294,103459
2007-329,Tokyo,Hard,48,A,20071001,293,104433
2007-329,Tokyo,Hard,48,A,20071001,292,103997
2007-329,Tokyo,Hard,48,A,20071001,291,102664
2007-329,Tokyo,Hard,48,A,20071001,290,102659
2007-329,Tokyo,Hard,48,A,20071001,289,103794
2007-329,Tokyo,Hard,48,A,20071001,288,104559
2007-329,Tokyo,Hard,48,A,20071001,287,103470
2007-329,Tokyo,Hard,48,A,20071001,286,103459
2007-3348,New Haven,Hard,48,A,20070819,300,102405
2007-3348,New Haven,Hard,48,A,20070819,299,102405
2007-3348,New Haven,Hard,48,A,20070819,298,103586
2007-3348,New Haven,Hard,48,A,20070819,297,102405
2007-3348,New Haven,Hard,48,A,20070819,296,103586
2007-3348,New Haven,Hard,48,A,20070819,295,103780
2007-3348,New Haven,Hard,48,A,20070819,294,103459
2007-3348,New Haven,Hard,48,A,20070819,293,102405
2007-3348,New Haven,Hard,48,A,20070819,292,104864
2007-3348,New Haven,Hard,48,A,20070819,291,102886
2007-3348,New Haven,Hard,48,A,20070819,290,103586
2007-3348,New Haven,Hard,48,A,20070819,289,103780
2007-3348,New Haven,Hard,48,A,20070819,288,103970
2007-3348,New Haven,Hard,48,A,20070819,287,103459
2007-3348,New Haven,Hard,48,A,20070819,286,103711
2007-337,Vienna,Hard,32,A,20071007,300,103586
2007-337,Vienna,Hard,32,A,20071007,299,103586
2007-337,Vienna,Hard,32,A,20071007,298,102494
2007-337,Vienna,Hard,32,A,20071007,297,103428
2007-337,Vienna,Hard,32,A,20071007,296,102093
2007-337,Vienna,Hard,32,A,20071007,295,102494
2007-337,Vienna,Hard,32,A,20071007,294,103586
2007-337,Vienna,Hard,32,A,20071007,293,102388
2007-337,Vienna,Hard,32,A,20071007,292,102093
2007-337,Vienna,Hard,32,A,20071007,291,102968
2007-337,Vienna,Hard,32,A,20071007,290,103586
2007-337,Vienna,Hard,32,A,20071007,289,102494
2007-337,Vienna,Hard,32,A,20071007,288,103428
2007-337,Vienna,Hard,32,A,20071007,287,103888
2007-337,Vienna,Hard,32,A,20071007,286,103781
2007-338,Sydney,Hard,32,A,20070108,300,103080
2007-338,Sydney,Hard,32,A,20070108,299,101956
2007-338,Sydney,Hard,32,A,20070108,298,103080
2007-338,Sydney,Hard,32,A,20070108,297,101956
2007-338,Sydney,Hard,32,A,20070108,296,103080
2007-338,Sydney,Hard,32,A,20070108,295,102093
2007-338,Sydney,Hard,32,A,20070108,294,103586
2007-338,Sydney,Hard,32,A,20070108,293,103096
2007-338,Sydney,Hard,32,A,20070108,292,101956
2007-338,Sydney,Hard,32,A,20070108,291,103080
2007-338,Sydney,Hard,32,A,20070108,290,102093
2007-338,Sydney,Hard,32,A,20070108,289,102405
2007-338,Sydney,Hard,32,A,20070108,288,102659
2007-338,Sydney,Hard,32,A,20070108,287,103586
2007-338,Sydney,Hard,32,A,20070108,286,102834
2007-341,Metz,Hard,32,A,20071001,300,103096
2007-341,Metz,Hard,32,A,20071001,299,103586
2007-341,Metz,Hard,32,A,20071001,298,103096
2007-341,Metz,Hard,32,A,20071001,297,102388
2007-341,Metz,Hard,32,A,20071001,296,103096
2007-341,Metz,Hard,32,A,20071001,295,103586
2007-341,Metz,Hard,32,A,20071001,294,103898
2007-341,Metz,Hard,32,A,20071001,293,102388
2007-341,Metz,Hard,32,A,20071001,292,103096
2007-341,Metz,Hard,32,A,20071001,291,103586
2007-341,Metz,Hard,32,A,20071001,290,103898
2007-341,Metz,Hard,32,A,20071001,289,102860
2007-341,Metz,Hard,32,A,20071001,288,103206
2007-341,Metz,Hard,32,A,20071001,287,103908
2007-341,Metz,Hard,32,A,20071001,286,104918
2007-3465,Mumbai,Hard,32,A,20070924,300,102963
2007-3465,Mumbai,Hard,32,A,20070924,299,102963
2007-3465,Mumbai,Hard,32,A,20070924,298,103523
2007-3465,Mumbai,Hard,32,A,20070924,297,102963
2007-3465,Mumbai,Hard,32,A,20070924,296,102694
2007-3465,Mumbai,Hard,32,A,20070924,295,103523
2007-3465,Mumbai,Hard,32,A,20070924,294,104081
2007-3465,Mumbai,Hard,32,A,20070924,293,103868
2007-3465,Mumbai,Hard,32,A,20070924,292,102963
2007-3465,Mumbai,Hard,32,A,20070924,291,103254
2007-3465,Mumbai,Hard,32,A,20070924,290,103538
2007-3465,Mumbai,Hard,32,A,20070924,289,103523
2007-3465,Mumbai,Hard,32,A,20070924,288,104124
2007-3465,Mumbai,Hard,32,A,20070924,287,102694
2007-3465,Mumbai,Hard,32,A,20070924,286,104081
2007-352,Paris Masters,Hard,48,M,20071028,300,103184
2007-352,Paris Masters,Hard,48,M,20071028,299,103184
2007-352,Paris Masters,Hard,48,M,20071028,298,102110
2007-352,Paris Masters,Hard,48,M,20071028,297,103184
2007-352,Paris Masters,Hard,48,M,20071028,296,102110
2007-352,Paris Masters,Hard,48,M,20071028,295,103096
2007-352,Paris Masters,Hard,48,M,20071028,294,102388
2007-352,Paris Masters,Hard,48,M,20071028,293,103184
2007-352,Paris Masters,Hard,48,M,20071028,292,102110
2007-352,Paris Masters,Hard,48,M,20071028,291,102035
2007-352,Paris Masters,Hard,48,M,20071028,290,103459
2007-352,Paris Masters,Hard,48,M,20071028,289,104160
2007-352,Paris Masters,Hard,48,M,20071028,288,102388
2007-352,Paris Masters,Hard,48,M,20071028,287,103080
2007-352,Paris Masters,Hard,48,M,20071028,286,103096
2007-352,Paris Masters,Hard,48,M,20071028,285,103780
2007-352,Paris Masters,Hard,48,M,20071028,284,103084
2007-352,Paris Masters,Hard,48,M,20071028,283,102979
2007-352,Paris Masters,Hard,48,M,20071028,282,103586
2007-352,Paris Masters,Hard,48,M,20071028,281,103206
2007-352,Paris Masters,Hard,48,M,20071028,280,103459
2007-352,Paris Masters,Hard,48,M,20071028,279,103908
2007-352,Paris Masters,Hard,48,M,20071028,278,103781
2007-360,Casablanca,Clay,32,A,20070423,300,103459
2007-360,Casablanca,Clay,32,A,20070423,299,103997
2007-360,Casablanca,Clay,32,A,20070423,298,103459
2007-360,Casablanca,Clay,32,A,20070423,297,103096
2007-360,Casablanca,Clay,32,A,20070423,296,103459
2007-360,Casablanca,Clay,32,A,20070423,295,103997
2007-360,Casablanca,Clay,32,A,20070423,294,103580
2007-360,Casablanca,Clay,32,A,20070423,293,103096
2007-360,Casablanca,Clay,32,A,20070423,292,103580
2007-360,Casablanca,Clay,32,A,20070423,291,103898
2007-360,Casablanca,Clay,32,A,20070423,290,103997
2007-360,Casablanca,Clay,32,A,20070423,289,103538
2007-360,Casablanca,Clay,32,A,20070423,288,102494
2007-360,Casablanca,Clay,32,A,20070423,287,103459
2007-360,Casablanca,Clay,32,A,20070423,286,103656
2007-402,Memphis,Hard,32,A,20070219,300,103780
2007-402,Memphis,Hard,32,A,20070219,299,102382
2007-402,Memphis,Hard,32,A,20070219,298,103780
2007-402,Memphis,Hard,32,A,20070219,297,103780
2007-402,Memphis,Hard,32,A,20070219,296,102382
2007-402,Memphis,Hard,32,A,20070219,295,103794
2007-402,Memphis,Hard,32,A,20070219,294,103898
2007-402,Memphis,Hard,32,A,20070219,293,102968
2007-402,Memphis,Hard,32,A,20070219,292,102382
2007-402,Memphis,Hard,32,A,20070219,291,102886
2007-402,Memphis,Hard,32,A,20070219,290,102388
2007-402,Memphis,Hard,32,A,20070219,289,103794
2007-402,Memphis,Hard,32,A,20070219,288,103898
2007-402,Memphis,Hard,32,A,20070219,287,103780
2007-402,Memphis,Hard,32,A,20070219,286,103852
2007-403,Miami Masters,Hard,96,M,20070319,300,103184
2007-403,Miami Masters,Hard,96,M,20070319,299,103184
2007-403,Miami Masters,Hard,96,M,20070319,298,102093
2007-403,Miami Masters,Hard,96,M,20070319,297,102093
2007-403,Miami Masters,Hard,96,M,20070319,296,103184
2007-403,Miami Masters,Hard,96,M,20070319,295,103096
2007-403,Miami Masters,Hard,96,M,20070319,294,102148
2007-403,Miami Masters,Hard,96,M,20070319,293,102035
2007-403,Miami Masters,Hard,96,M,20070319,292,103184
2007-403,Miami Masters,Hard,96,M,20070319,291,101956
2007-403,Miami Masters,Hard,96,M,20070319,290,103080
2007-403,Miami Masters,Hard,96,M,20070319,289,102148
2007-403,Miami Masters,Hard,96,M,20070319,288,102093
2007-403,Miami Masters,Hard,96,M,20070319,287,103096
2007-403,Miami Masters,Hard,96,M,20070319,286,102318
2007-403,Miami Masters,Hard,96,M,20070319,285,102035
2007-403,Miami Masters,Hard,96,M,20070319,284,103184
2007-403,Miami Masters,Hard,96,M,20070319,283,101956
2007-403,Miami Masters,Hard,96,M,20070319,282,103080
2007-403,Miami Masters,Hard,96,M,20070319,281,102148
2007-403,Miami Masters,Hard,96,M,20070319,280,102093
2007-403,Miami Masters,Hard,96,M,20070319,279,102388
2007-403,Miami Masters,Hard,96,M,20070319,278,104717
2007-403,Miami Masters,Hard,96,M,20070319,277,104607
2007-403,Miami Masters,Hard,96,M,20070319,276,102886
2007-403,Miami Masters,Hard,96,M,20070319,275,103096
2007-403,Miami Masters,Hard,96,M,20070319,274,102979
2007-403,Miami Masters,Hard,96,M,20070319,273,102834
2007-403,Miami Masters,Hard,96,M,20070319,272,102382
2007-403,Miami Masters,Hard,96,M,20070319,271,102318
2007-403,Miami Masters,Hard,96,M,20070319,270,102881
2007-404,Indian Wells Masters,Hard,96,M,20070305,300,102093
2007-404,Indian Wells Masters,Hard,96,M,20070305,299,102093
2007-404,Indian Wells Masters,Hard,96,M,20070305,298,102968
2007-404,Indian Wells Masters,Hard,96,M,20070305,297,102035
2007-404,Indian Wells Masters,Hard,96,M,20070305,296,102093
2007-404,Indian Wells Masters,Hard,96,M,20070305,295,102968
2007-404,Indian Wells Masters,Hard,96,M,20070305,294,102382
2007-404,Indian Wells Masters,Hard,96,M,20070305,293,102035
2007-404,Indian Wells Masters,Hard,96,M,20070305,292,103080
2007-404,Indian Wells Masters,Hard,96,M,20070305,291,102093
2007-404,Indian Wells Masters,Hard,96,M,20070305,290,102968
2007-404,Indian Wells Masters,Hard,96,M,20070305,289,102382
2007-404,Indian Wells Masters,Hard,96,M,20070305,288,103898
2007-404,Indian Wells Masters,Hard,96,M,20070305,287,102450
2007-404,Indian Wells Masters,Hard,96,M,20070305,286,102963
2007-404,Indian Wells Masters,Hard,96,M,20070305,285,102035
2007-404,Indian Wells Masters,Hard,96,M,20070305,284,102963
2007-404,Indian Wells Masters,Hard,96,M,20070305,283,104160
2007-404,Indian Wells Masters,Hard,96,M,20070305,282,103080
2007-404,Indian Wells Masters,Hard,96,M,20070305,281,102093
2007-404,Indian Wells Masters,Hard,96,M,20070305,280,102968
2007-404,Indian Wells Masters,Hard,96,M,20070305,279,102382
2007-404,Indian Wells Masters,Hard,96,M,20070305,278,101904
2007-404,Indian Wells Masters,Hard,96,M,20070305,277,103254
2007-404,Indian Wells Masters,Hard,96,M,20070305,276,104597
2007-404,Indian Wells Masters,Hard,96,M,20070305,275,103898
2007-404,Indian Wells Masters,Hard,96,M,20070305,274,103780
2007-404,Indian Wells Masters,Hard,96,M,20070305,273,103096
2007-404,Indian Wells Masters,Hard,96,M,20070305,272,103586
2007-404,Indian Wells Masters,Hard,96,M,20070305,271,102450
2007-404,Indian Wells Masters,Hard,96,M,20070305,270,102318
2007-407,Rotterdam,Hard,32,A,20070219,300,102093
2007-407,Rotterdam,Hard,32,A,20070219,299,102093
2007-407,Rotterdam,Hard,32,A,20070219,298,102318
2007-407,Rotterdam,Hard,32,A,20070219,297,102405
2007-407,Rotterdam,Hard,32,A,20070219,296,103110
2007-407,Rotterdam,Hard,32,A,20070219,295,102093
2007-407,Rotterdam,Hard,32,A,20070219,294,102318
2007-407,Rotterdam,Hard,32,A,20070219,293,103184
2007-407,Rotterdam,Hard,32,A,20070219,292,101956
2007-407,Rotterdam,Hard,32,A,20070219,291,102318
2007-407,Rotterdam,Hard,32,A,20070219,290,102093
2007-407,Rotterdam,Hard,32,A,20070219,289,102405
2007-407,Rotterdam,Hard,32,A,20070219,288,103110
2007-407,Rotterdam,Hard,32,A,20070219,287,105217
2007-407,Rotterdam,Hard,32,A,20070219,286,104898
2007-410,Monte Carlo Masters,Clay,56,M,20070415,300,103184
2007-410,Monte Carlo Masters,Clay,56,M,20070415,299,103184
2007-410,Monte Carlo Masters,Clay,56,M,20070415,298,103898
2007-410,Monte Carlo Masters,Clay,56,M,20070415,297,103184
2007-410,Monte Carlo Masters,Clay,56,M,20070415,296,103898
2007-410,Monte Carlo Masters,Clay,56,M,20070415,295,103080
2007-410,Monte Carlo Masters,Clay,56,M,20070415,294,102388
2007-410,Monte Carlo Masters,Clay,56,M,20070415,293,103184
2007-410,Monte Carlo Masters,Clay,56,M,20070415,292,102035
2007-410,Monte Carlo Masters,Clay,56,M,20070415,291,103602
2007-410,Monte Carlo Masters,Clay,56,M,20070415,290,103813
2007-410,Monte Carlo Masters,Clay,56,M,20070415,289,103080
2007-410,Monte Carlo Masters,Clay,56,M,20070415,288,103898
2007-410,Monte Carlo Masters,Clay,56,M,20070415,287,102388
2007-410,Monte Carlo Masters,Clay,56,M,20070415,286,102659
2007-410,Monte Carlo Masters,Clay,56,M,20070415,285,104076
2007-410,Monte Carlo Masters,Clay,56,M,20070415,284,104214
2007-410,Monte Carlo Masters,Clay,56,M,20070415,283,103898
2007-410,Monte Carlo Masters,Clay,56,M,20070415,282,102405
2007-410,Monte Carlo Masters,Clay,56,M,20070415,281,102659
2007-410,Monte Carlo Masters,Clay,56,M,20070415,280,103586
2007-410,Monte Carlo Masters,Clay,56,M,20070415,279,103602
2007-410,Monte Carlo Masters,Clay,56,M,20070415,278,103813
2007-414,Hamburg Masters,Clay,56,M,20070514,300,103184
2007-414,Hamburg Masters,Clay,56,M,20070514,299,103184
2007-414,Hamburg Masters,Clay,56,M,20070514,298,103080
2007-414,Hamburg Masters,Clay,56,M,20070514,297,103184
2007-414,Hamburg Masters,Clay,56,M,20070514,296,102388
2007-414,Hamburg Masters,Clay,56,M,20070514,295,103080
2007-414,Hamburg Masters,Clay,56,M,20070514,294,102968
2007-414,Hamburg Masters,Clay,56,M,20070514,293,103184
2007-414,Hamburg Masters,Clay,56,M,20070514,292,102035
2007-414,Hamburg Masters,Clay,56,M,20070514,291,103898
2007-414,Hamburg Masters,Clay,56,M,20070514,290,103484
2007-414,Hamburg Masters,Clay,56,M,20070514,289,103080
2007-414,Hamburg Masters,Clay,56,M,20070514,288,102968
2007-414,Hamburg Masters,Clay,56,M,20070514,287,103254
2007-414,Hamburg Masters,Clay,56,M,20070514,286,102388
2007-414,Hamburg Masters,Clay,56,M,20070514,285,103254
2007-414,Hamburg Masters,Clay,56,M,20070514,284,104214
2007-414,Hamburg Masters,Clay,56,M,20070514,283,103898
2007-414,Hamburg Masters,Clay,56,M,20070514,282,103582
2007-414,Hamburg Masters,Clay,56,M,20070514,281,102405
2007-414,Hamburg Masters,Clay,56,M,20070514,280,103484
2007-414,Hamburg Masters,Clay,56,M,20070514,279,102860
2007-414,Hamburg Masters,Clay,56,M,20070514,278,103586
2007-416,Rome Masters,Clay,56,M,20070507,300,102148
2007-416,Rome Masters,Clay,56,M,20070507,299,103184
2007-416,Rome Masters,Clay,56,M,20070507,298,102148
2007-416,Rome Masters,Clay,56,M,20070507,297,103184
2007-416,Rome Masters,Clay,56,M,20070507,296,102093
2007-416,Rome Masters,Clay,56,M,20070507,295,101956
2007-416,Rome Masters,Clay,56,M,20070507,294,102148
2007-416,Rome Masters,Clay,56,M,20070507,293,103184
2007-416,Rome Masters,Clay,56,M,20070507,292,103344
2007-416,Rome Masters,Clay,56,M,20070507,291,102093
2007-416,Rome Masters,Clay,56,M,20070507,290,101956
2007-416,Rome Masters,Clay,56,M,20070507,289,103080
2007-416,Rome Masters,Clay,56,M,20070507,288,102148
2007-416,Rome Masters,Clay,56,M,20070507,287,102845
2007-416,Rome Masters,Clay,56,M,20070507,286,102318
2007-416,Rome Masters,Clay,56,M,20070507,285,102388
2007-416,Rome Masters,Clay,56,M,20070507,284,104571
2007-416,Rome Masters,Clay,56,M,20070507,283,103484
2007-416,Rome Masters,Clay,56,M,20070507,282,103096
2007-416,Rome Masters,Clay,56,M,20070507,281,103720
2007-416,Rome Masters,Clay,56,M,20070507,280,103344
2007-416,Rome Masters,Clay,56,M,20070507,279,102845
2007-416,Rome Masters,Clay,56,M,20070507,278,103813
2007-418,Washington,Hard,48,A,20070729,300,103184
2007-418,Washington,Hard,48,A,20070729,299,103184
2007-418,Washington,Hard,48,A,20070729,298,102968
2007-418,Washington,Hard,48,A,20070729,297,103184
2007-418,Washington,Hard,48,A,20070729,296,102093
2007-418,Washington,Hard,48,A,20070729,295,103080
2007-418,Washington,Hard,48,A,20070729,294,102968
2007-418,Washington,Hard,48,A,20070729,293,103184
2007-418,Washington,Hard,48,A,20070729,292,102093
2007-418,Washington,Hard,48,A,20070729,291,103080
2007-418,Washington,Hard,48,A,20070729,290,102968
2007-418,Washington,Hard,48,A,20070729,289,103794
2007-418,Washington,Hard,48,A,20070729,288,102405
2007-418,Washington,Hard,48,A,20070729,287,101904
2007-418,Washington,Hard,48,A,20070729,286,103325
2007-419,Indianapolis,Hard,32,A,20070723,300,105223
2007-419,Indianapolis,Hard,32,A,20070723,299,105223
2007-419,Indianapolis,Hard,32,A,20070723,298,104559
2007-419,Indianapolis,Hard,32,A,20070723,297,103822
2007-419,Indianapolis,Hard,32,A,20070723,296,105223
2007-419,Indianapolis,Hard,32,A,20070723,295,104025
2007-419,Indianapolis,Hard,32,A,20070723,294,104559
2007-419,Indianapolis,Hard,32,A,20070723,293,103888
2007-419,Indianapolis,Hard,32,A,20070723,292,103780
2007-419,Indianapolis,Hard,32,A,20070723,291,104559
2007-419,Indianapolis,Hard,32,A,20070723,290,104249
2007-419,Indianapolis,Hard,32,A,20070723,289,103582
2007-419,Indianapolis,Hard,32,A,20070723,288,105223
2007-419,Indianapolis,Hard,32,A,20070723,287,104025
2007-419,Indianapolis,Hard,32,A,20070723,286,103822
2007-421,Canada Masters,Hard,56,M,20070805,300,102405
2007-421,Canada Masters,Hard,56,M,20070805,299,102405
2007-421,Canada Masters,Hard,56,M,20070805,298,103080
2007-421,Canada Masters,Hard,56,M,20070805,297,103184
2007-421,Canada Masters,Hard,56,M,20070805,296,102968
2007-421,Canada Masters,Hard,56,M,20070805,295,103080
2007-421,Canada Masters,Hard,56,M,20070805,294,102405
2007-421,Canada Masters,Hard,56,M,20070805,293,103184
2007-421,Canada Masters,Hard,56,M,20070805,292,102035
2007-421,Canada Masters,Hard,56,M,20070805,291,101956
2007-421,Canada Masters,Hard,56,M,20070805,290,102093
2007-421,Canada Masters,Hard,56,M,20070805,289,103080
2007-421,Canada Masters,Hard,56,M,20070805,288,102968
2007-421,Canada Masters,Hard,56,M,20070805,287,103096
2007-421,Canada Masters,Hard,56,M,20070805,286,102405
2007-421,Canada Masters,Hard,56,M,20070805,285,103254
2007-421,Canada Masters,Hard,56,M,20070805,284,104607
2007-421,Canada Masters,Hard,56,M,20070805,283,103096
2007-421,Canada Masters,Hard,56,M,20070805,282,104433
2007-421,Canada Masters,Hard,56,M,20070805,281,104925
2007-421,Canada Masters,Hard,56,M,20070805,280,103602
2007-421,Canada Masters,Hard,56,M,20070805,279,103720
2007-421,Canada Masters,Hard,56,M,20070805,278,104098
2007-422,Cincinnati Masters,Hard,56,M,20070813,300,102968
2007-422,Cincinnati Masters,Hard,56,M,20070813,299,103184
2007-422,Cincinnati Masters,Hard,56,M,20070813,298,102968
2007-422,Cincinnati Masters,Hard,56,M,20070813,297,103184
2007-422,Cincinnati Masters,Hard,56,M,20070813,296,104160
2007-422,Cincinnati Masters,Hard,56,M,20070813,295,102093
2007-422,Cincinnati Masters,Hard,56,M,20070813,294,102968
2007-422,Cincinnati Masters,Hard,56,M,20070813,293,103184
2007-422,Cincinnati Masters,Hard,56,M,20070813,292,104925
2007-422,Cincinnati Masters,Hard,56,M,20070813,291,101956
2007-422,Cincinnati Masters,Hard,56,M,20070813,290,102093
2007-422,Cincinnati Masters,Hard,56,M,20070813,289,103080
2007-422,Cincinnati Masters,Hard,56,M,20070813,288,102968
2007-422,Cincinnati Masters,Hard,56,M,20070813,287,104160
2007-422,Cincinnati Masters,Hard,56,M,20070813,286,102388
2007-422,Cincinnati Masters,Hard,56,M,20070813,285,104597
2007-422,Cincinnati Masters,Hard,56,M,20070813,284,103898
2007-422,Cincinnati Masters,Hard,56,M,20070813,283,104607
2007-422,Cincinnati Masters,Hard,56,M,20070813,282,102405
2007-422,Cincinnati Masters,Hard,56,M,20070813,281,104025
2007-422,Cincinnati Masters,Hard,56,M,20070813,280,104925
2007-422,Cincinnati Masters,Hard,56,M,20070813,279,103586
2007-422,Cincinnati Masters,Hard,56,M,20070813,278,104098
2007-423,Los Angeles,Hard,32,A,20070716,300,103184
2007-423,Los Angeles,Hard,32,A,20070716,299,103184
2007-423,Los Angeles,Hard,32,A,20070716,298,103822
2007-423,Los Angeles,Hard,32,A,20070716,297,103184
2007-423,Los Angeles,Hard,32,A,20070716,296,102979
2007-423,Los Angeles,Hard,32,A,20070716,295,103920
2007-423,Los Angeles,Hard,32,A,20070716,294,103822
2007-423,Los Angeles,Hard,32,A,20070716,293,103184
2007-423,Los Angeles,Hard,32,A,20070716,292,103822
2007-423,Los Angeles,Hard,32,A,20070716,291,102979
2007-423,Los Angeles,Hard,32,A,20070716,290,103459
2007-423,Los Angeles,Hard,32,A,20070716,289,104025
2007-423,Los Angeles,Hard,32,A,20070716,288,103888
2007-423,Los Angeles,Hard,32,A,20070716,287,103602
2007-423,Los Angeles,Hard,32,A,20070716,286,103920
2007-424,San Jose,Hard,32,A,20070212,300,103780
2007-424,San Jose,Hard,32,A,20070212,299,101904
2007-424,San Jose,Hard,32,A,20070212,298,103780
2007-424,San Jose,Hard,32,A,20070212,297,103780
2007-424,San Jose,Hard,32,A,20070212,296,101904
2007-424,San Jose,Hard,32,A,20070212,295,104025
2007-424,San Jose,Hard,32,A,20070212,294,103822
2007-424,San Jose,Hard,32,A,20070212,293,103538
2007-424,San Jose,Hard,32,A,20070212,292,105023
2007-424,San Jose,Hard,32,A,20070212,291,102834
2007-424,San Jose,Hard,32,A,20070212,290,101904
2007-424,San Jose,Hard,32,A,20070212,289,103780
2007-424,San Jose,Hard,32,A,20070212,288,104025
2007-424,San Jose,Hard,32,A,20070212,287,104559
2007-424,San Jose,Hard,32,A,20070212,286,103822
2007-425,Barcelona,Clay,56,A,20070423,300,102318
2007-425,Barcelona,Clay,56,A,20070423,299,104745
2007-425,Barcelona,Clay,56,A,20070423,298,102318
2007-425,Barcelona,Clay,56,A,20070423,297,104745
2007-425,Barcelona,Clay,56,A,20070423,296,104597
2007-425,Barcelona,Clay,56,A,20070423,295,102968
2007-425,Barcelona,Clay,56,A,20070423,294,102318
2007-425,Barcelona,Clay,56,A,20070423,293,101956
2007-425,Barcelona,Clay,56,A,20070423,292,103080
2007-425,Barcelona,Clay,56,A,20070423,291,102968
2007-425,Barcelona,Clay,56,A,20070423,290,102318
2007-425,Barcelona,Clay,56,A,20070423,289,103586
2007-425,Barcelona,Clay,56,A,20070423,288,103254
2007-425,Barcelona,Clay,56,A,20070423,287,104745
2007-425,Barcelona,Clay,56,A,20070423,286,104597
2007-425,Barcelona,Clay,56,A,20070423,285,103254
2007-425,Barcelona,Clay,56,A,20070423,284,104597
2007-425,Barcelona,Clay,56,A,20070423,283,102405
2007-425,Barcelona,Clay,56,A,20070423,282,103169
2007-425,Barcelona,Clay,56,A,20070423,281,102563
2007-425,Barcelona,Clay,56,A,20070423,280,102703
2007-425,Barcelona,Clay,56,A,20070423,279,104745
2007-425,Barcelona,Clay,56,A,20070423,278,103498
2007-429,Stockholm,Hard,32,A,20071007,300,102035
2007-429,Stockholm,Hard,32,A,20071007,299,103096
2007-429,Stockholm,Hard,32,A,20071007,298,102035
2007-429,Stockholm,Hard,32,A,20071007,297,103080
2007-429,Stockholm,Hard,32,A,20071007,296,102035
2007-429,Stockholm,Hard,32,A,20071007,295,103096
2007-429,Stockholm,Hard,32,A,20071007,294,103523
2007-429,Stockholm,Hard,32,A,20071007,293,103080
2007-429,Stockholm,Hard,32,A,20071007,292,102035
2007-429,Stockholm,Hard,32,A,20071007,291,103096
2007-429,Stockholm,Hard,32,A,20071007,290,102979
2007-429,Stockholm,Hard,32,A,20071007,289,103523
2007-429,Stockholm,Hard,32,A,20071007,288,103540
2007-429,Stockholm,Hard,32,A,20071007,287,103169
2007-429,Stockholm,Hard,32,A,20071007,286,104004
2007-433,Las Vegas,Hard,,A,20070226,300,103184
2007-433,Las Vegas,Hard,,A,20070226,299,103184
2007-433,Las Vegas,Hard,,A,20070226,298,102968
2007-433,Las Vegas,Hard,,A,20070226,297,103184
2007-433,Las Vegas,Hard,,A,20070226,296,102968
2007-433,Las Vegas,Hard,,A,20070226,295,102887
2007-433,Las Vegas,Hard,,A,20070226,294,103538
2007-433,Las Vegas,Hard,,A,20070226,293,103184
2007-433,Las Vegas,Hard,,A,20070226,292,102968
2007-433,Las Vegas,Hard,,A,20070226,291,103538
2007-433,Las Vegas,Hard,,A,20070226,290,102886
2007-433,Las Vegas,Hard,,A,20070226,289,102388
2007-433,Las Vegas,Hard,,A,20070226,288,102887
2007-433,Las Vegas,Hard,,A,20070226,287,102834
2007-433,Las Vegas,Hard,,A,20070226,286,101904
2007-438,Moscow,Hard,32,A,20071008,300,103498
2007-438,Moscow,Hard,32,A,20071008,299,103115
2007-438,Moscow,Hard,32,A,20071008,298,103498
2007-438,Moscow,Hard,32,A,20071008,297,103206
2007-438,Moscow,Hard,32,A,20071008,296,103115
2007-438,Moscow,Hard,32,A,20071008,295,102886
2007-438,Moscow,Hard,32,A,20071008,294,103498
2007-438,Moscow,Hard,32,A,20071008,293,102110
2007-438,Moscow,Hard,32,A,20071008,292,104160
2007-438,Moscow,Hard,32,A,20071008,291,102886
2007-438,Moscow,Hard,32,A,20071008,290,103594
2007-438,Moscow,Hard,32,A,20071008,289,104076
2007-438,Moscow,Hard,32,A,20071008,288,103115
2007-438,Moscow,Hard,32,A,20071008,287,103206
2007-438,Moscow,Hard,32,A,20071008,286,103498
2007-439,Umag,Clay,32,A,20070723,300,104160
2007-439,Umag,Clay,32,A,20070723,299,103711
2007-439,Umag,Clay,32,A,20070723,298,104160
2007-439,Umag,Clay,32,A,20070723,297,103711
2007-439,Umag,Clay,32,A,20070723,296,104160
2007-439,Umag,Clay,32,A,20070723,295,105227
2007-439,Umag,Clay,32,A,20070723,294,103812
2007-439,Umag,Clay,32,A,20070723,293,103711
2007-439,Umag,Clay,32,A,20070723,292,104160
2007-439,Umag,Clay,32,A,20070723,291,104471
2007-439,Umag,Clay,32,A,20070723,290,104076
2007-439,Umag,Clay,32,A,20070723,289,104122
2007-439,Umag,Clay,32,A,20070723,288,105227
2007-439,Umag,Clay,32,A,20070723,287,103812
2007-439,Umag,Clay,32,A,20070723,286,104515
2007-440,'s-Hertogenbosch,Grass,32,A,20070617,300,102979
2007-440,'s-Hertogenbosch,Grass,32,A,20070617,299,102093
2007-440,'s-Hertogenbosch,Grass,32,A,20070617,298,102979
2007-440,'s-Hertogenbosch,Grass,32,A,20070617,297,102093
2007-440,'s-Hertogenbosch,Grass,32,A,20070617,296,102979
2007-440,'s-Hertogenbosch,Grass,32,A,20070617,295,105208
2007-440,'s-Hertogenbosch,Grass,32,A,20070617,294,102306
2007-440,'s-Hertogenbosch,Grass,32,A,20070617,293,102093
2007-440,'s-Hertogenbosch,Grass,32,A,20070617,292,105208
2007-440,'s-Hertogenbosch,Grass,32,A,20070617,291,102979
2007-440,'s-Hertogenbosch,Grass,32,A,20070617,290,102306
2007-440,'s-Hertogenbosch,Grass,32,A,20070617,289,103254
2007-440,'s-Hertogenbosch,Grass,32,A,20070617,288,103794
2007-440,'s-Hertogenbosch,Grass,32,A,20070617,287,103115
2007-440,'s-Hertogenbosch,Grass,32,A,20070617,286,105217
2007-451,Doha,Hard,32,A,20070101,300,104022
2007-451,Doha,Hard,32,A,20070101,299,102093
2007-451,Doha,Hard,32,A,20070101,298,104022
2007-451,Doha,Hard,32,A,20070101,297,101956
2007-451,Doha,Hard,32,A,20070101,296,102093
2007-451,Doha,Hard,32,A,20070101,295,104918
2007-451,Doha,Hard,32,A,20070101,294,104022
2007-451,Doha,Hard,32,A,20070101,293,104259
2007-451,Doha,Hard,32,A,20070101,292,101956
2007-451,Doha,Hard,32,A,20070101,291,102093
2007-451,Doha,Hard,32,A,20070101,290,103586
2007-451,Doha,Hard,32,A,20070101,289,103206
2007-451,Doha,Hard,32,A,20070101,288,104918
2007-451,Doha,Hard,32,A,20070101,287,103294
2007-451,Doha,Hard,32,A,20070101,286,104022
2007-468,Estoril,Clay,32,A,20070429,300,104249
2007-468,Estoril,Clay,32,A,20070429,299,104249
2007-468,Estoril,Clay,32,A,20070429,298,102984
2007-468,Estoril,Clay,32,A,20070429,297,103586
2007-468,Estoril,Clay,32,A,20070429,296,102979
2007-468,Estoril,Clay,32,A,20070429,295,102984
2007-468,Estoril,Clay,32,A,20070429,294,104249
2007-468,Estoril,Clay,32,A,20070429,293,103586
2007-468,Estoril,Clay,32,A,20070429,292,103656
2007-468,Estoril,Clay,32,A,20070429,291,104249
2007-468,Estoril,Clay,32,A,20070429,290,102984
2007-468,Estoril,Clay,32,A,20070429,289,103115
2007-468,Estoril,Clay,32,A,20070429,288,102979
2007-468,Estoril,Clay,32,A,20070429,287,105671
2007-468,Estoril,Clay,32,A,20070429,286,103822
2007-475,Sopot,Clay,32,A,20070730,300,103586
2007-475,Sopot,Clay,32,A,20070730,299,103586
2007-475,Sopot,Clay,32,A,20070730,298,102984
2007-475,Sopot,Clay,32,A,20070730,297,103586
2007-475,Sopot,Clay,32,A,20070730,296,102984
2007-475,Sopot,Clay,32,A,20070730,295,103997
2007-475,Sopot,Clay,32,A,20070730,294,103238
2007-475,Sopot,Clay,32,A,20070730,293,103586
2007-475,Sopot,Clay,32,A,20070730,292,102984
2007-475,Sopot,Clay,32,A,20070730,291,103997
2007-475,Sopot,Clay,32,A,20070730,290,103292
2007-475,Sopot,Clay,32,A,20070730,289,103204
2007-475,Sopot,Clay,32,A,20070730,288,103876
2007-475,Sopot,Clay,32,A,20070730,287,104140
2007-475,Sopot,Clay,32,A,20070730,286,103238
2007-495,Dubai,Hard,32,A,20070226,300,102148
2007-495,Dubai,Hard,32,A,20070226,299,102148
2007-495,Dubai,Hard,32,A,20070226,298,102405
2007-495,Dubai,Hard,32,A,20070226,297,101956
2007-495,Dubai,Hard,32,A,20070226,296,103080
2007-495,Dubai,Hard,32,A,20070226,295,102148
2007-495,Dubai,Hard,32,A,20070226,294,102405
2007-495,Dubai,Hard,32,A,20070226,293,101956
2007-495,Dubai,Hard,32,A,20070226,292,103080
2007-495,Dubai,Hard,32,A,20070226,291,102148
2007-495,Dubai,Hard,32,A,20070226,290,104607
2007-495,Dubai,Hard,32,A,20070226,289,103254
2007-495,Dubai,Hard,32,A,20070226,288,104571
2007-495,Dubai,Hard,32,A,20070226,287,102405
2007-495,Dubai,Hard,32,A,20070226,286,103694
2007-496,Marseille,Hard,32,A,20070212,300,103096
2007-496,Marseille,Hard,32,A,20070212,299,101956
2007-496,Marseille,Hard,32,A,20070212,298,103096
2007-496,Marseille,Hard,32,A,20070212,297,101956
2007-496,Marseille,Hard,32,A,20070212,296,103096
2007-496,Marseille,Hard,32,A,20070212,295,103254
2007-496,Marseille,Hard,32,A,20070212,294,103344
2007-496,Marseille,Hard,32,A,20070212,293,101956
2007-496,Marseille,Hard,32,A,20070212,292,103254
2007-496,Marseille,Hard,32,A,20070212,291,103096
2007-496,Marseille,Hard,32,A,20070212,290,103063
2007-496,Marseille,Hard,32,A,20070212,289,104925
2007-496,Marseille,Hard,32,A,20070212,288,103577
2007-496,Marseille,Hard,32,A,20070212,287,103344
2007-496,Marseille,Hard,32,A,20070212,286,103813
2007-499,Delray Beach,Hard,,A,20070128,300,103204
2007-499,Delray Beach,Hard,,A,20070128,299,103538
2007-499,Delray Beach,Hard,,A,20070128,298,103204
2007-499,Delray Beach,Hard,,A,20070128,297,102979
2007-499,Delray Beach,Hard,,A,20070128,296,103204
2007-499,Delray Beach,Hard,,A,20070128,295,103997
2007-499,Delray Beach,Hard,,A,20070128,294,103538
2007-499,Delray Beach,Hard,,A,20070128,293,102979
2007-499,Delray Beach,Hard,,A,20070128,292,103780
2007-499,Delray Beach,Hard,,A,20070128,291,103997
2007-499,Delray Beach,Hard,,A,20070128,290,103538
2007-499,Delray Beach,Hard,,A,20070128,289,103204
2007-499,Delray Beach,Hard,,A,20070128,288,103794
2007-499,Delray Beach,Hard,,A,20070128,287,102998
2007-499,Delray Beach,Hard,,A,20070128,286,102106
2007-500,Halle,Grass,32,A,20070611,300,102388
2007-500,Halle,Grass,32,A,20070611,299,102388
2007-500,Halle,Grass,32,A,20070611,298,102148
2007-500,Halle,Grass,32,A,20070611,297,102093
2007-500,Halle,Grass,32,A,20070611,296,102148
2007-500,Halle,Grass,32,A,20070611,295,102388
2007-500,Halle,Grass,32,A,20070611,294,102963
2007-500,Halle,Grass,32,A,20070611,293,102093
2007-500,Halle,Grass,32,A,20070611,292,102148
2007-500,Halle,Grass,32,A,20070611,291,102388
2007-500,Halle,Grass,32,A,20070611,290,103781
2007-500,Halle,Grass,32,A,20070611,289,104755
2007-500,Halle,Grass,32,A,20070611,288,103017
2007-500,Halle,Grass,32,A,20070611,287,104259
2007-500,Halle,Grass,32,A,20070611,286,102963
2007-505,Vina del Mar,Clay,,A,20070129,300,104154
2007-505,Vina del Mar,Clay,,A,20070129,299,104154
2007-505,Vina del Mar,Clay,,A,20070129,298,103656
2007-505,Vina del Mar,Clay,,A,20070129,297,104249
2007-505,Vina del Mar,Clay,,A,20070129,296,104122
2007-505,Vina del Mar,Clay,,A,20070129,295,104154
2007-505,Vina del Mar,Clay,,A,20070129,294,103656
2007-505,Vina del Mar,Clay,,A,20070129,293,103656
2007-505,Vina del Mar,Clay,,A,20070129,292,103700
2007-505,Vina del Mar,Clay,,A,20070129,291,104249
2007-505,Vina del Mar,Clay,,A,20070129,290,104122
2007-505,Vina del Mar,Clay,,A,20070129,289,104154
2007-505,Vina del Mar,Clay,,A,20070129,288,103035
2007-505,Vina del Mar,Clay,,A,20070129,287,103165
2007-505,Vina del Mar,Clay,,A,20070129,286,104007
2007-506,Buenos Aires,Clay,,A,20070219,300,102984
2007-506,Buenos Aires,Clay,,A,20070219,299,103656
2007-506,Buenos Aires,Clay,,A,20070219,298,102984
2007-506,Buenos Aires,Clay,,A,20070219,297,104160
2007-506,Buenos Aires,Clay,,A,20070219,296,103586
2007-506,Buenos Aires,Clay,,A,20070219,295,102984
2007-506,Buenos Aires,Clay,,A,20070219,294,103656
2007-506,Buenos Aires,Clay,,A,20070219,293,104160
2007-506,Buenos Aires,Clay,,A,20070219,292,103586
2007-506,Buenos Aires,Clay,,A,20070219,291,103656
2007-506,Buenos Aires,Clay,,A,20070219,290,102984
2007-506,Buenos Aires,Clay,,A,20070219,289,104122
2007-506,Buenos Aires,Clay,,A,20070219,288,104655
2007-506,Buenos Aires,Clay,,A,20070219,287,103534
2007-506,Buenos Aires,Clay,,A,20070219,286,103701
2007-520,Roland Garros,Clay,128,G,20070528,300,101956
2007-520,Roland Garros,Clay,128,G,20070528,299,104160
2007-520,Roland Garros,Clay,128,G,20070528,298,101956
2007-520,Roland Garros,Clay,128,G,20070528,297,104160
2007-520,Roland Garros,Clay,128,G,20070528,296,102405
2007-520,Roland Garros,Clay,128,G,20070528,295,102148
2007-520,Roland Garros,Clay,128,G,20070528,294,101956
2007-520,Roland Garros,Clay,128,G,20070528,293,103184
2007-520,Roland Garros,Clay,128,G,20070528,292,102035
2007-520,Roland Garros,Clay,128,G,20070528,291,102148
2007-520,Roland Garros,Clay,128,G,20070528,290,101956
2007-520,Roland Garros,Clay,128,G,20070528,289,102405
2007-520,Roland Garros,Clay,128,G,20070528,288,104160
2007-520,Roland Garros,Clay,128,G,20070528,287,103857
2007-520,Roland Garros,Clay,128,G,20070528,286,102306
2007-520,Roland Garros,Clay,128,G,20070528,285,103184
2007-520,Roland Garros,Clay,128,G,20070528,284,102035
2007-520,Roland Garros,Clay,128,G,20070528,283,102306
2007-520,Roland Garros,Clay,128,G,20070528,282,102148
2007-520,Roland Garros,Clay,128,G,20070528,281,103857
2007-520,Roland Garros,Clay,128,G,20070528,280,101956
2007-520,Roland Garros,Clay,128,G,20070528,279,102968
2007-520,Roland Garros,Clay,128,G,20070528,278,102388
2007-520,Roland Garros,Clay,128,G,20070528,277,104160
2007-520,Roland Garros,Clay,128,G,20070528,276,103096
2007-520,Roland Garros,Clay,128,G,20070528,275,102318
2007-520,Roland Garros,Clay,128,G,20070528,274,103694
2007-520,Roland Garros,Clay,128,G,20070528,273,103997
2007-520,Roland Garros,Clay,128,G,20070528,272,104122
2007-520,Roland Garros,Clay,128,G,20070528,271,102405
2007-520,Roland Garros,Clay,128,G,20070528,270,102979
2007-520,Roland Garros,Clay,128,G,20070528,269,103184
2007-520,Roland Garros,Clay,128,G,20070528,268,102035
2007-520,Roland Garros,Clay,128,G,20070528,267,102093
2007-520,Roland Garros,Clay,128,G,20070528,266,102148
2007-520,Roland Garros,Clay,128,G,20070528,265,103080
2007-520,Roland Garros,Clay,128,G,20070528,264,101956
2007-520,Roland Garros,Clay,128,G,20070528,263,102968
2007-520,Roland Garros,Clay,128,G,20070528,262,102388
2007-520,Roland Garros,Clay,128,G,20070528,261,104160
2007-520,Roland Garros,Clay,128,G,20070528,260,103096
2007-520,Roland Garros,Clay,128,G,20070528,259,102318
2007-520,Roland Garros,Clay,128,G,20070528,258,102405
2007-520,Roland Garros,Clay,128,G,20070528,257,103254
2007-520,Roland Garros,Clay,128,G,20070528,256,102904
2007-520,Roland Garros,Clay,128,G,20070528,255,103898
2007-520,Roland Garros,Clay,128,G,20070528,254,102984
2007-520,Roland Garros,Clay,128,G,20070528,253,101885
2007-520,Roland Garros,Clay,128,G,20070528,252,104122
2007-520,Roland Garros,Clay,128,G,20070528,251,103115
2007-520,Roland Garros,Clay,128,G,20070528,250,102979
2007-520,Roland Garros,Clay,128,G,20070528,249,104198
2007-520,Roland Garros,Clay,128,G,20070528,248,104719
2007-520,Roland Garros,Clay,128,G,20070528,247,101904
2007-520,Roland Garros,Clay,128,G,20070528,246,102306
2007-520,Roland Garros,Clay,128,G,20070528,245,103997
2007-520,Roland Garros,Clay,128,G,20070528,244,103857
2007-520,Roland Garros,Clay,128,G,20070528,243,104249
2007-520,Roland Garros,Clay,128,G,20070528,242,103455
2007-520,Roland Garros,Clay,128,G,20070528,241,104792
2007-520,Roland Garros,Clay,128,G,20070528,240,103531
2007-520,Roland Garros,Clay,128,G,20070528,239,103694
2007-520,Roland Garros,Clay,128,G,20070528,238,103373
2007-533,Costa Do Sauipe,Clay,32,A,20070212,300,104160
2007-533,Costa Do Sauipe,Clay,32,A,20070212,299,104160
2007-533,Costa Do Sauipe,Clay,32,A,20070212,298,103656
2007-533,Costa Do Sauipe,Clay,32,A,20070212,297,104160
2007-533,Costa Do Sauipe,Clay,32,A,20070212,296,104597
2007-533,Costa Do Sauipe,Clay,32,A,20070212,295,102860
2007-533,Costa Do Sauipe,Clay,32,A,20070212,294,103656
2007-533,Costa Do Sauipe,Clay,32,A,20070212,293,104160
2007-533,Costa Do Sauipe,Clay,32,A,20070212,292,103656
2007-533,Costa Do Sauipe,Clay,32,A,20070212,291,103115
2007-533,Costa Do Sauipe,Clay,32,A,20070212,290,102860
2007-533,Costa Do Sauipe,Clay,32,A,20070212,289,104597
2007-533,Costa Do Sauipe,Clay,32,A,20070212,288,103252
2007-533,Costa Do Sauipe,Clay,32,A,20070212,287,104249
2007-533,Costa Do Sauipe,Clay,32,A,20070212,286,103808
2007-540,Wimbledon,Grass,128,G,20070625,300,103096
2007-540,Wimbledon,Grass,128,G,20070625,299,103184
2007-540,Wimbledon,Grass,128,G,20070625,298,103096
2007-540,Wimbledon,Grass,128,G,20070625,297,103184
2007-540,Wimbledon,Grass,128,G,20070625,296,104249
2007-540,Wimbledon,Grass,128,G,20070625,295,102148
2007-540,Wimbledon,Grass,128,G,20070625,294,103096
2007-540,Wimbledon,Grass,128,G,20070625,293,103184
2007-540,Wimbledon,Grass,128,G,20070625,292,101956
2007-540,Wimbledon,Grass,128,G,20070625,291,102148
2007-540,Wimbledon,Grass,128,G,20070625,290,102093
2007-540,Wimbledon,Grass,128,G,20070625,289,104160
2007-540,Wimbledon,Grass,128,G,20070625,288,103096
2007-540,Wimbledon,Grass,128,G,20070625,287,103248
2007-540,Wimbledon,Grass,128,G,20070625,286,104249
2007-540,Wimbledon,Grass,128,G,20070625,285,103184
2007-540,Wimbledon,Grass,128,G,20070625,284,101956
2007-540,Wimbledon,Grass,128,G,20070625,283,102148
2007-540,Wimbledon,Grass,128,G,20070625,282,102093
2007-540,Wimbledon,Grass,128,G,20070625,281,104249
2007-540,Wimbledon,Grass,128,G,20070625,280,103780
2007-540,Wimbledon,Grass,128,G,20070625,279,104160
2007-540,Wimbledon,Grass,128,G,20070625,278,103096
2007-540,Wimbledon,Grass,128,G,20070625,277,103711
2007-540,Wimbledon,Grass,128,G,20070625,276,103248
2007-540,Wimbledon,Grass,128,G,20070625,275,104171
2007-540,Wimbledon,Grass,128,G,20070625,274,103794
2007-540,Wimbledon,Grass,128,G,20070625,273,102563
2007-540,Wimbledon,Grass,128,G,20070625,272,103577
2007-540,Wimbledon,Grass,128,G,20070625,271,103822
2007-540,Wimbledon,Grass,128,G,20070625,270,103325
2007-540,Wimbledon,Grass,128,G,20070625,269,103184
2007-540,Wimbledon,Grass,128,G,20070625,268,102963
2007-540,Wimbledon,Grass,128,G,20070625,267,101956
2007-540,Wimbledon,Grass,128,G,20070625,266,102148
2007-540,Wimbledon,Grass,128,G,20070625,265,102093
2007-540,Wimbledon,Grass,128,G,20070625,264,103080
2007-540,Wimbledon,Grass,128,G,20070625,263,102968
2007-540,Wimbledon,Grass,128,G,20070625,262,102563
2007-540,Wimbledon,Grass,128,G,20070625,261,104160
2007-540,Wimbledon,Grass,128,G,20070625,260,103096
2007-540,Wimbledon,Grass,128,G,20070625,259,103582
2007-540,Wimbledon,Grass,128,G,20070625,258,103711
2007-540,Wimbledon,Grass,128,G,20070625,257,103325
2007-540,Wimbledon,Grass,128,G,20070625,256,102984
2007-540,Wimbledon,Grass,128,G,20070625,255,103586
2007-540,Wimbledon,Grass,128,G,20070625,254,103577
2007-540,Wimbledon,Grass,128,G,20070625,253,101885
2007-540,Wimbledon,Grass,128,G,20070625,252,103538
2007-540,Wimbledon,Grass,128,G,20070625,251,103794
2007-540,Wimbledon,Grass,128,G,20070625,250,102494
2007-540,Wimbledon,Grass,128,G,20070625,249,104171
2007-540,Wimbledon,Grass,128,G,20070625,248,103780
2007-540,Wimbledon,Grass,128,G,20070625,247,102886
2007-540,Wimbledon,Grass,128,G,20070625,246,104025
2007-540,Wimbledon,Grass,128,G,20070625,245,102967
2007-540,Wimbledon,Grass,128,G,20070625,244,104068
2007-540,Wimbledon,Grass,128,G,20070625,243,103240
2007-540,Wimbledon,Grass,128,G,20070625,242,103857
2007-540,Wimbledon,Grass,128,G,20070625,241,103248
2007-540,Wimbledon,Grass,128,G,20070625,240,103822
2007-540,Wimbledon,Grass,128,G,20070625,239,104249
2007-540,Wimbledon,Grass,128,G,20070625,238,103694
2007-540,Wimbledon,Grass,128,G,20070625,237,103822
2007-540,Wimbledon,Grass,128,G,20070625,236,103248
2007-540,Wimbledon,Grass,128,G,20070625,235,104864
2007-540,Wimbledon,Grass,128,G,20070625,234,104592
2007-540,Wimbledon,Grass,128,G,20070625,233,103822
2007-540,Wimbledon,Grass,128,G,20070625,232,103248
2007-540,Wimbledon,Grass,128,G,20070625,231,104592
2007-540,Wimbledon,Grass,128,G,20070625,230,102694
2007-540,Wimbledon,Grass,128,G,20070625,229,103920
2007-540,Wimbledon,Grass,128,G,20070625,228,104262
2007-540,Wimbledon,Grass,128,G,20070625,227,103240
2007-540,Wimbledon,Grass,128,G,20070625,226,104864
2007-560,US Open,Hard,128,G,20070827,300,102388
2007-560,US Open,Hard,128,G,20070827,299,104160
2007-560,US Open,Hard,128,G,20070827,298,102388
2007-560,US Open,Hard,128,G,20070827,297,102388
2007-560,US Open,Hard,128,G,20070827,296,104160
2007-560,US Open,Hard,128,G,20070827,295,103080
2007-560,US Open,Hard,128,G,20070827,294,103898
2007-560,US Open,Hard,128,G,20070827,293,103184
2007-560,US Open,Hard,128,G,20070827,292,101956
2007-560,US Open,Hard,128,G,20070827,291,104249
2007-560,US Open,Hard,128,G,20070827,290,103080
2007-560,US Open,Hard,128,G,20070827,289,102388
2007-560,US Open,Hard,128,G,20070827,288,104160
2007-560,US Open,Hard,128,G,20070827,287,103898
2007-560,US Open,Hard,128,G,20070827,286,103470
2007-560,US Open,Hard,128,G,20070827,285,103184
2007-560,US Open,Hard,128,G,20070827,284,101956
2007-560,US Open,Hard,128,G,20070827,283,102035
2007-560,US Open,Hard,128,G,20070827,282,103080
2007-560,US Open,Hard,128,G,20070827,281,103470
2007-560,US Open,Hard,128,G,20070827,280,102968
2007-560,US Open,Hard,128,G,20070827,279,104160
2007-560,US Open,Hard,128,G,20070827,278,102388
2007-560,US Open,Hard,128,G,20070827,277,103722
2007-560,US Open,Hard,128,G,20070827,276,103586
2007-560,US Open,Hard,128,G,20070827,275,102979
2007-560,US Open,Hard,128,G,20070827,274,104249
2007-560,US Open,Hard,128,G,20070827,273,104025
2007-560,US Open,Hard,128,G,20070827,272,103898
2007-560,US Open,Hard,128,G,20070827,271,103459
2007-560,US Open,Hard,128,G,20070827,270,104864
2007-560,US Open,Hard,128,G,20070827,269,103184
2007-560,US Open,Hard,128,G,20070827,268,101956
2007-560,US Open,Hard,128,G,20070827,267,102035
2007-560,US Open,Hard,128,G,20070827,266,103898
2007-560,US Open,Hard,128,G,20070827,265,103080
2007-560,US Open,Hard,128,G,20070827,264,102405
2007-560,US Open,Hard,128,G,20070827,263,102968
2007-560,US Open,Hard,128,G,20070827,262,104160
2007-560,US Open,Hard,128,G,20070827,261,102388
2007-560,US Open,Hard,128,G,20070827,260,102318
2007-560,US Open,Hard,128,G,20070827,259,103586
2007-560,US Open,Hard,128,G,20070827,258,102979
2007-560,US Open,Hard,128,G,20070827,257,103459
2007-560,US Open,Hard,128,G,20070827,256,102886
2007-560,US Open,Hard,128,G,20070827,255,103780
2007-560,US Open,Hard,128,G,20070827,254,103254
2007-560,US Open,Hard,128,G,20070827,253,102860
2007-560,US Open,Hard,128,G,20070827,252,103096
2007-560,US Open,Hard,128,G,20070827,251,104655
2007-560,US Open,Hard,128,G,20070827,250,104025
2007-560,US Open,Hard,128,G,20070827,249,104559
2007-560,US Open,Hard,128,G,20070827,248,104719
2007-560,US Open,Hard,128,G,20070827,247,101904
2007-560,US Open,Hard,128,G,20070827,246,103470
2007-560,US Open,Hard,128,G,20070827,245,102306
2007-560,US Open,Hard,128,G,20070827,244,104864
2007-560,US Open,Hard,128,G,20070827,243,102703
2007-560,US Open,Hard,128,G,20070827,242,102963
2007-560,US Open,Hard,128,G,20070827,241,103454
2007-560,US Open,Hard,128,G,20070827,240,104249
2007-560,US Open,Hard,128,G,20070827,239,103455
2007-560,US Open,Hard,128,G,20070827,238,103722
2007-568,St. Petersburg,Carpet,32,A,20071022,300,102110
2007-568,St. Petersburg,Carpet,32,A,20071022,299,102110
2007-568,St. Petersburg,Carpet,32,A,20071022,298,103781
2007-568,St. Petersburg,Carpet,32,A,20071022,297,102110
2007-568,St. Petersburg,Carpet,32,A,20071022,296,102886
2007-568,St. Petersburg,Carpet,32,A,20071022,295,104160
2007-568,St. Petersburg,Carpet,32,A,20071022,294,103781
2007-568,St. Petersburg,Carpet,32,A,20071022,293,102110
2007-568,St. Petersburg,Carpet,32,A,20071022,292,102035
2007-568,St. Petersburg,Carpet,32,A,20071022,291,104160
2007-568,St. Petersburg,Carpet,32,A,20071022,290,103781
2007-568,St. Petersburg,Carpet,32,A,20071022,289,104869
2007-568,St. Petersburg,Carpet,32,A,20071022,288,102886
2007-568,St. Petersburg,Carpet,32,A,20071022,287,103863
2007-568,St. Petersburg,Carpet,32,A,20071022,286,103808
2007-573,Valencia,Clay,32,A,20070409,300,103325
2007-573,Valencia,Clay,32,A,20070409,299,103254
2007-573,Valencia,Clay,32,A,20070409,298,103325
2007-573,Valencia,Clay,32,A,20070409,297,103254
2007-573,Valencia,Clay,32,A,20070409,296,103325
2007-573,Valencia,Clay,32,A,20070409,295,102494
2007-573,Valencia,Clay,32,A,20070409,294,104252
2007-573,Valencia,Clay,32,A,20070409,293,104597
2007-573,Valencia,Clay,32,A,20070409,292,103254
2007-573,Valencia,Clay,32,A,20070409,291,103325
2007-573,Valencia,Clay,32,A,20070409,290,103780
2007-573,Valencia,Clay,32,A,20070409,289,102494
2007-573,Valencia,Clay,32,A,20070409,288,103115
2007-573,Valencia,Clay,32,A,20070409,287,104559
2007-573,Valencia,Clay,32,A,20070409,286,104252
2007-580,Australian Open,Hard,128,G,20070115,300,103184
2007-580,Australian Open,Hard,128,G,20070115,299,103184
2007-580,Australian Open,Hard,128,G,20070115,298,102035
2007-580,Australian Open,Hard,128,G,20070115,297,103184
2007-580,Australian Open,Hard,128,G,20070115,296,102035
2007-580,Australian Open,Hard,128,G,20070115,295,101956
2007-580,Australian Open,Hard,128,G,20070115,294,103080
2007-580,Australian Open,Hard,128,G,20070115,293,103184
2007-580,Australian Open,Hard,128,G,20070115,292,102035
2007-580,Australian Open,Hard,128,G,20070115,291,101956
2007-580,Australian Open,Hard,128,G,20070115,290,103080
2007-580,Australian Open,Hard,128,G,20070115,289,103898
2007-580,Australian Open,Hard,128,G,20070115,288,102148
2007-580,Australian Open,Hard,128,G,20070115,287,102405
2007-580,Australian Open,Hard,128,G,20070115,286,102979
2007-580,Australian Open,Hard,128,G,20070115,285,103184
2007-580,Australian Open,Hard,128,G,20070115,284,102035
2007-580,Australian Open,Hard,128,G,20070115,283,101956
2007-580,Australian Open,Hard,128,G,20070115,282,103080
2007-580,Australian Open,Hard,128,G,20070115,281,102093
2007-580,Australian Open,Hard,128,G,20070115,280,102148
2007-580,Australian Open,Hard,128,G,20070115,279,102968
2007-580,Australian Open,Hard,128,G,20070115,278,102405
2007-580,Australian Open,Hard,128,G,20070115,277,102382
2007-580,Australian Open,Hard,128,G,20070115,276,103898
2007-580,Australian Open,Hard,128,G,20070115,275,102886
2007-580,Australian Open,Hard,128,G,20070115,274,103325
2007-580,Australian Open,Hard,128,G,20070115,273,103459
2007-580,Australian Open,Hard,128,G,20070115,272,102979
2007-580,Australian Open,Hard,128,G,20070115,271,103997
2007-580,Australian Open,Hard,128,G,20070115,270,102318
2007-580,Australian Open,Hard,128,G,20070115,269,103184
2007-580,Australian Open,Hard,128,G,20070115,268,102035
2007-580,Australian Open,Hard,128,G,20070115,267,101956
2007-580,Australian Open,Hard,128,G,20070115,266,103080
2007-580,Australian Open,Hard,128,G,20070115,265,102093
2007-580,Australian Open,Hard,128,G,20070115,264,102148
2007-580,Australian Open,Hard,128,G,20070115,263,102968
2007-580,Australian Open,Hard,128,G,20070115,262,104571
2007-580,Australian Open,Hard,128,G,20070115,261,104160
2007-580,Australian Open,Hard,128,G,20070115,260,102382
2007-580,Australian Open,Hard,128,G,20070115,259,102388
2007-580,Australian Open,Hard,128,G,20070115,258,102886
2007-580,Australian Open,Hard,128,G,20070115,257,103325
2007-580,Australian Open,Hard,128,G,20070115,256,103115
2007-580,Australian Open,Hard,128,G,20070115,255,102659
2007-580,Australian Open,Hard,128,G,20070115,254,103997
2007-580,Australian Open,Hard,128,G,20070115,253,103538
2007-580,Australian Open,Hard,128,G,20070115,252,104958
2007-580,Australian Open,Hard,128,G,20070115,251,103898
2007-580,Australian Open,Hard,128,G,20070115,250,102405
2007-580,Australian Open,Hard,128,G,20070115,249,103780
2007-580,Australian Open,Hard,128,G,20070115,248,102979
2007-580,Australian Open,Hard,128,G,20070115,247,104025
2007-580,Australian Open,Hard,128,G,20070115,246,102967
2007-580,Australian Open,Hard,128,G,20070115,245,103516
2007-580,Australian Open,Hard,128,G,20070115,244,103401
2007-580,Australian Open,Hard,128,G,20070115,243,103459
2007-580,Australian Open,Hard,128,G,20070115,242,103252
2007-580,Australian Open,Hard,128,G,20070115,241,103455
2007-580,Australian Open,Hard,128,G,20070115,240,102318
2007-580,Australian Open,Hard,128,G,20070115,239,103105
2007-580,Australian Open,Hard,128,G,20070115,238,103694
2007-605,Masters Cup,Hard,8,F,20071112,300,101956
2007-605,Masters Cup,Hard,8,F,20071112,299,101956
2007-605,Masters Cup,Hard,8,F,20071112,298,102388
2007-605,Masters Cup,Hard,8,F,20071112,297,104160
2007-605,Masters Cup,Hard,8,F,20071112,296,102388
2007-605,Masters Cup,Hard,8,F,20071112,295,103080
2007-605,Masters Cup,Hard,8,F,20071112,294,102035
2007-605,Masters Cup,Hard,8,F,20071112,293,101956
2007-605,Masters Cup,Hard,8,F,20071112,292,104160
2007-605,Masters Cup,Hard,8,F,20071112,291,103080
2007-605,Masters Cup,Hard,8,F,20071112,290,102093
2007-605,Masters Cup,Hard,8,F,20071112,289,101956
2007-605,Masters Cup,Hard,8,F,20071112,288,102388
2007-605,Masters Cup,Hard,8,F,20071112,287,102968
2007-605,Masters Cup,Hard,8,F,20071112,286,102093
2007-615,Dusseldorf,Clay,32,A,20070520,300,104076
2007-615,Dusseldorf,Clay,32,A,20070520,299,102860
2007-615,Dusseldorf,Clay,32,A,20070520,298,104607
2007-615,Dusseldorf,Clay,32,A,20070520,297,102093
2007-615,Dusseldorf,Clay,32,A,20070520,296,104831
2007-615,Dusseldorf,Clay,32,A,20070520,295,103184
2007-615,Dusseldorf,Clay,32,A,20070520,294,102860
2007-615,Dusseldorf,Clay,32,A,20070520,293,104327
2007-615,Dusseldorf,Clay,32,A,20070520,292,102306
2007-615,Dusseldorf,Clay,32,A,20070520,291,102035
2007-615,Dusseldorf,Clay,32,A,20070520,290,103184
2007-615,Dusseldorf,Clay,32,A,20070520,289,104607
2007-615,Dusseldorf,Clay,32,A,20070520,288,103184
2007-615,Dusseldorf,Clay,32,A,20070520,287,102093
2007-615,Dusseldorf,Clay,32,A,20070520,286,102860
2007-615,Dusseldorf,Clay,32,A,20070520,285,102306
2007-717,Houston,Clay,32,A,20070409,300,103184
2007-717,Houston,Clay,32,A,20070409,299,103184
2007-717,Houston,Clay,32,A,20070409,298,101956
2007-717,Houston,Clay,32,A,20070409,297,103184
2007-717,Houston,Clay,32,A,20070409,296,101956
2007-717,Houston,Clay,32,A,20070409,295,103470
2007-717,Houston,Clay,32,A,20070409,294,103451
2007-717,Houston,Clay,32,A,20070409,293,103184
2007-717,Houston,Clay,32,A,20070409,292,101956
2007-717,Houston,Clay,32,A,20070409,291,102834
2007-717,Houston,Clay,32,A,20070409,290,101904
2007-717,Houston,Clay,32,A,20070409,289,104025
2007-717,Houston,Clay,32,A,20070409,288,102998
2007-717,Houston,Clay,32,A,20070409,287,103470
2007-717,Houston,Clay,32,A,20070409,286,103451
2007-741,Nottingham,Grass,32,A,20070618,300,103780
2007-741,Nottingham,Grass,32,A,20070618,299,104623
2007-741,Nottingham,Grass,32,A,20070618,298,103780
2007-741,Nottingham,Grass,32,A,20070618,297,102968
2007-741,Nottingham,Grass,32,A,20070618,296,105223
2007-741,Nottingham,Grass,32,A,20070618,295,103780
2007-741,Nottingham,Grass,32,A,20070618,294,104623
2007-741,Nottingham,Grass,32,A,20070618,293,102968
2007-741,Nottingham,Grass,32,A,20070618,292,102659
2007-741,Nottingham,Grass,32,A,20070618,291,103780
2007-741,Nottingham,Grass,32,A,20070618,290,104623
2007-741,Nottingham,Grass,32,A,20070618,289,102860
2007-741,Nottingham,Grass,32,A,20070618,288,103096
2007-741,Nottingham,Grass,32,A,20070618,287,105223
2007-741,Nottingham,Grass,32,A,20070618,286,104249
2007-747,Beijing,Hard,32,A,20070910,300,103573
2007-747,Beijing,Hard,32,A,20070910,299,103573
2007-747,Beijing,Hard,32,A,20070910,298,101904
2007-747,Beijing,Hard,32,A,20070910,297,103822
2007-747,Beijing,Hard,32,A,20070910,296,103780
2007-747,Beijing,Hard,32,A,20070910,295,103573
2007-747,Beijing,Hard,32,A,20070910,294,101904
2007-747,Beijing,Hard,32,A,20070910,293,101904
2007-747,Beijing,Hard,32,A,20070910,292,103822
2007-747,Beijing,Hard,32,A,20070910,291,103780
2007-747,Beijing,Hard,32,A,20070910,290,103573
2007-747,Beijing,Hard,32,A,20070910,289,104154
2007-747,Beijing,Hard,32,A,20070910,288,103530
2007-747,Beijing,Hard,32,A,20070910,287,103017
2007-747,Beijing,Hard,32,A,20070910,286,103451
2007-773,Bucharest,Clay,32,A,20070910,300,103594
2007-773,Bucharest,Clay,32,A,20070910,299,103594
2007-773,Bucharest,Clay,32,A,20070910,298,102984
2007-773,Bucharest,Clay,32,A,20070910,297,103586
2007-773,Bucharest,Clay,32,A,20070910,296,102984
2007-773,Bucharest,Clay,32,A,20070910,295,103594
2007-773,Bucharest,Clay,32,A,20070910,294,103812
2007-773,Bucharest,Clay,32,A,20070910,293,103586
2007-773,Bucharest,Clay,32,A,20070910,292,102984
2007-773,Bucharest,Clay,32,A,20070910,291,103812
2007-773,Bucharest,Clay,32,A,20070910,290,103594
2007-773,Bucharest,Clay,32,A,20070910,289,104620
2007-773,Bucharest,Clay,32,A,20070910,288,104495
2007-773,Bucharest,Clay,32,A,20070910,287,103868
2007-773,Bucharest,Clay,32,A,20070910,286,103373
2007-807,Acapulco,Clay,32,A,20070226,300,103808
2007-807,Acapulco,Clay,32,A,20070226,299,104160
2007-807,Acapulco,Clay,32,A,20070226,298,103808
2007-807,Acapulco,Clay,32,A,20070226,297,104160
2007-807,Acapulco,Clay,32,A,20070226,296,103459
2007-807,Acapulco,Clay,32,A,20070226,295,104076
2007-807,Acapulco,Clay,32,A,20070226,294,103808
2007-807,Acapulco,Clay,32,A,20070226,293,104160
2007-807,Acapulco,Clay,32,A,20070226,292,104122
2007-807,Acapulco,Clay,32,A,20070226,291,102904
2007-807,Acapulco,Clay,32,A,20070226,290,103808
2007-807,Acapulco,Clay,32,A,20070226,289,104076
2007-807,Acapulco,Clay,32,A,20070226,288,103459
2007-807,Acapulco,Clay,32,A,20070226,287,104249
2007-807,Acapulco,Clay,32,A,20070226,286,103656
2007-891,Chennai,Hard,32,A,20070101,300,103598
2007-891,Chennai,Hard,32,A,20070101,299,103598
2007-891,Chennai,Hard,32,A,20070101,298,104745
2007-891,Chennai,Hard,32,A,20070101,297,102904
2007-891,Chennai,Hard,32,A,20070101,296,103451
2007-891,Chennai,Hard,32,A,20070101,295,103598
2007-891,Chennai,Hard,32,A,20070101,294,104745
2007-891,Chennai,Hard,32,A,20070101,293,102904
2007-891,Chennai,Hard,32,A,20070101,292,104745
2007-891,Chennai,Hard,32,A,20070101,291,103333
2007-891,Chennai,Hard,32,A,20070101,290,103451
2007-891,Chennai,Hard,32,A,20070101,289,102494
2007-891,Chennai,Hard,32,A,20070101,288,103115
2007-891,Chennai,Hard,32,A,20070101,287,103598
2007-891,Chennai,Hard,32,A,20070101,286,103921
